"","skim_type","skim_variable","n_missing","complete_rate","character.min","character.max","character.empty","character.n_unique","character.whitespace","Date.min","Date.max","Date.median","Date.n_unique","numeric.mean","numeric.sd","numeric.p0","numeric.p25","numeric.p50","numeric.p75","numeric.p100","numeric.hist","numeric.sum","numeric.Prct_total"
"1","character","doi",0,1,21,49,0,12,0,NA,NA,NA,NA,NA,NA,NA,NA,NA,NA,NA,NA,NA,NA
"2","character","country",0,1,2,14,0,3,0,NA,NA,NA,NA,NA,NA,NA,NA,NA,NA,NA,NA,NA,NA
"3","character","first_author",0,1,13,19,0,12,0,NA,NA,NA,NA,NA,NA,NA,NA,NA,NA,NA,NA,NA,NA
"4","character","journal",0,1,3,16,0,9,0,NA,NA,NA,NA,NA,NA,NA,NA,NA,NA,NA,NA,NA,NA
"5","character","cohort_id",0,1,6,20,0,15,0,NA,NA,NA,NA,NA,NA,NA,NA,NA,NA,NA,NA,NA,NA
"6","character","cohort_type",0,1,5,5,0,1,0,NA,NA,NA,NA,NA,NA,NA,NA,NA,NA,NA,NA,NA,NA
"7","character","prim_input",0,1,2,2,0,1,0,NA,NA,NA,NA,NA,NA,NA,NA,NA,NA,NA,NA,NA,NA
"8","character","cross_check",0,1,3,3,0,1,0,NA,NA,NA,NA,NA,NA,NA,NA,NA,NA,NA,NA,NA,NA
"9","character","notes",6,0.6,4,51,0,9,0,NA,NA,NA,NA,NA,NA,NA,NA,NA,NA,NA,NA,NA,NA
"10","Date","date_of_publication",0,1,NA,NA,NA,NA,NA,2020-05-17,2020-06-29,2020-06-12,9,NA,NA,NA,NA,NA,NA,NA,NA,NA,NA
"11","numeric","tot_cases_n",0,1,NA,NA,NA,NA,NA,NA,NA,NA,NA,39.4666666666667,42.7999777481028,7,19,33,38.5,186,"▇▁▁▁▁",592,100
"12","numeric","sex_m",0,1,NA,NA,NA,NA,NA,NA,NA,NA,NA,23.1333333333333,26.9148569345914,4,10,18,20,115,"▇▁▁▁▁",347,58.6148648648649
"13","numeric","sex_f",0,1,NA,NA,NA,NA,NA,NA,NA,NA,NA,16.3333333333333,16.4736441742849,3,8.5,12,18.5,71,"▇▃▁▁▁",245,41.3851351351351
"14","numeric","age_med_yrs",3,0.8,NA,NA,NA,NA,NA,NA,NA,NA,NA,8.825,1.81965281403799,5,7.975,8.7,10,12,"▁▁▇▂▂",105.9,17.8885135135135
"15","numeric","age_Q1_yrs",8,0.466666666666667,NA,NA,NA,NA,NA,NA,NA,NA,NA,5.48571428571429,2.38706833544732,2,4.4,5.7,6.2,9.5,"▃▁▇▁▂",38.4,6.48648648648649
"16","numeric","age_Q3_yrs",8,0.466666666666667,NA,NA,NA,NA,NA,NA,NA,NA,NA,12.6857142857143,1.78925363529841,10,11.85,12.6,13.5,15.5,"▂▂▇▂▂",88.8,15
"17","numeric","age_min_yrs",10,0.333333333333333,NA,NA,NA,NA,NA,NA,NA,NA,NA,1.66,1.44499134945508,0,0.6,1.8,2.2,3.7,"▇▁▇▁▃",8.3,1.40202702702703
"18","numeric","age_max_yrs",10,0.333333333333333,NA,NA,NA,NA,NA,NA,NA,NA,NA,17.92,1.93183850256692,16,16.6,17,20,20,"▇▃▁▁▇",89.6,15.1351351351351
"19","numeric","age_n_under1",13,0.133333333333333,NA,NA,NA,NA,NA,NA,NA,NA,NA,6.5,9.19238815542512,0,3.25,6.5,9.75,13,"▇▁▁▁▇",13,2.19594594594595
"20","numeric","age_n_1to4",14,0.0666666666666667,NA,NA,NA,NA,NA,NA,NA,NA,NA,53,NA,53,53,53,53,53,"▁▁▇▁▁",53,8.9527027027027
"21","numeric","age_n_1to5",14,0.0666666666666667,NA,NA,NA,NA,NA,NA,NA,NA,NA,1,NA,1,1,1,1,1,"▁▁▇▁▁",1,0.168918918918919
"22","numeric","age_n_5to9",14,0.0666666666666667,NA,NA,NA,NA,NA,NA,NA,NA,NA,46,NA,46,46,46,46,46,"▁▁▇▁▁",46,7.77027027027027
"23","numeric","age_n_6to10",14,0.0666666666666667,NA,NA,NA,NA,NA,NA,NA,NA,NA,15,NA,15,15,15,15,15,"▁▁▇▁▁",15,2.53378378378378
"24","numeric","age_n_10to14",14,0.0666666666666667,NA,NA,NA,NA,NA,NA,NA,NA,NA,45,NA,45,45,45,45,45,"▁▁▇▁▁",45,7.60135135135135
"25","numeric","age_n_11to16",14,0.0666666666666667,NA,NA,NA,NA,NA,NA,NA,NA,NA,19,NA,19,19,19,19,19,"▁▁▇▁▁",19,3.20945945945946
"26","numeric","age_n_0to5",13,0.133333333333333,NA,NA,NA,NA,NA,NA,NA,NA,NA,17.5,19.0918830920368,4,10.75,17.5,24.25,31,"▇▁▁▁▇",35,5.91216216216216
"27","numeric","age_n_6to12",14,0.0666666666666667,NA,NA,NA,NA,NA,NA,NA,NA,NA,42,NA,42,42,42,42,42,"▁▁▇▁▁",42,7.09459459459459
"28","numeric","age_n_13to20",13,0.133333333333333,NA,NA,NA,NA,NA,NA,NA,NA,NA,35.5,13.4350288425444,26,30.75,35.5,40.25,45,"▇▁▁▁▇",71,11.9932432432432
"29","numeric","age_n_15to20",14,0.0666666666666667,NA,NA,NA,NA,NA,NA,NA,NA,NA,29,NA,29,29,29,29,29,"▁▁▇▁▁",29,4.89864864864865
"30","numeric","race_n_white",4,0.733333333333333,NA,NA,NA,NA,NA,NA,NA,NA,NA,11.8181818181818,9.16316737616619,0,7.5,12,12.5,35,"▃▇▁▁▁",130,21.9594594594595
"31","numeric","race_n_black",4,0.733333333333333,NA,NA,NA,NA,NA,NA,NA,NA,NA,14.8181818181818,12.1475773866083,4,7,12,17.5,46,"▇▂▂▁▁",163,27.5337837837838
"32","numeric","race_n_asian",6,0.6,NA,NA,NA,NA,NA,NA,NA,NA,NA,4.11111111111111,5.51009175160551,0,1,2,4,18,"▇▂▁▁▁",37,6.25
"33","numeric","race_n_other",5,0.666666666666667,NA,NA,NA,NA,NA,NA,NA,NA,NA,7.6,7.66231760703712,1,3,5,8.5,26,"▇▂▁▁▁",76,12.8378378378378
"34","numeric","race_n_unknown",13,0.133333333333333,NA,NA,NA,NA,NA,NA,NA,NA,NA,22.5,26.1629509039023,4,13.25,22.5,31.75,41,"▇▁▁▁▇",45,7.60135135135135
"35","numeric","ethn_n_hisp",13,0.133333333333333,NA,NA,NA,NA,NA,NA,NA,NA,NA,33,33.9411254969543,9,21,33,45,57,"▇▁▁▁▇",66,11.1486486486486
"36","numeric","eth_n_nonhisp",14,0.0666666666666667,NA,NA,NA,NA,NA,NA,NA,NA,NA,24,NA,24,24,24,24,24,"▁▁▇▁▁",24,4.05405405405405
"37","numeric","weight_med_kg",14,0.0666666666666667,NA,NA,NA,NA,NA,NA,NA,NA,NA,33.4,NA,33.4,33.4,33.4,33.4,33.4,"▁▁▇▁▁",33.4,5.64189189189189
"38","numeric","bmi_med",13,0.133333333333333,NA,NA,NA,NA,NA,NA,NA,NA,NA,18.015,0.827314933988262,17.43,17.7225,18.015,18.3075,18.6,"▇▁▁▁▇",36.03,6.08614864864865
"39","numeric","bmi_Q1",14,0.0666666666666667,NA,NA,NA,NA,NA,NA,NA,NA,NA,15.9,NA,15.9,15.9,15.9,15.9,15.9,"▁▁▇▁▁",15.9,2.68581081081081
"40","numeric","bmi_Q3",14,0.0666666666666667,NA,NA,NA,NA,NA,NA,NA,NA,NA,22.9,NA,22.9,22.9,22.9,22.9,22.9,"▁▁▇▁▁",22.9,3.86824324324324
"41","numeric","n_overweight",5,0.666666666666667,NA,NA,NA,NA,NA,NA,NA,NA,NA,11.9,12.4672905369745,2,6,9,12.5,45,"▇▃▁▁▁",119,20.1013513513514
"42","numeric","comorb_n_cardiovasc",12,0.2,NA,NA,NA,NA,NA,NA,NA,NA,NA,2.33333333333333,2.51661147842358,0,1,2,3.5,5,"▇▇▁▁▇",7,1.18243243243243
"43","numeric","comorb_n_resp",14,0.0666666666666667,NA,NA,NA,NA,NA,NA,NA,NA,NA,33,NA,33,33,33,33,33,"▁▁▇▁▁",33,5.57432432432432
"44","numeric","comorb_n_astma",8,0.466666666666667,NA,NA,NA,NA,NA,NA,NA,NA,NA,3,1.73205080756888,0,2.5,3,4,5,"▂▂▇▁▅",21,3.5472972972973
"45","numeric","comorb_n_chronlungdz",12,0.2,NA,NA,NA,NA,NA,NA,NA,NA,NA,4.66666666666667,2.51661147842358,2,3.5,5,6,7,"▇▁▇▁▇",14,2.36486486486486
"46","numeric","comorb_n_immunodef",14,0.0666666666666667,NA,NA,NA,NA,NA,NA,NA,NA,NA,10,NA,10,10,10,10,10,"▁▁▇▁▁",10,1.68918918918919
"47","numeric","comorb_n_NS",14,0.0666666666666667,NA,NA,NA,NA,NA,NA,NA,NA,NA,3,NA,3,3,3,3,3,"▁▁▇▁▁",3,0.506756756756757
"48","numeric","comorb_n_lupus",14,0.0666666666666667,NA,NA,NA,NA,NA,NA,NA,NA,NA,1,NA,1,1,1,1,1,"▁▁▇▁▁",1,0.168918918918919
"49","numeric","comorb_n_neurodis",14,0.0666666666666667,NA,NA,NA,NA,NA,NA,NA,NA,NA,1,NA,1,1,1,1,1,"▁▁▇▁▁",1,0.168918918918919
"50","numeric","comorb_n_sickle",14,0.0666666666666667,NA,NA,NA,NA,NA,NA,NA,NA,NA,1,NA,1,1,1,1,1,"▁▁▇▁▁",1,0.168918918918919
"51","numeric","comorb_n_alopecia",14,0.0666666666666667,NA,NA,NA,NA,NA,NA,NA,NA,NA,1,NA,1,1,1,1,1,"▁▁▇▁▁",1,0.168918918918919
"52","numeric","covid_n_closecontact",7,0.533333333333333,NA,NA,NA,NA,NA,NA,NA,NA,NA,14,16.8692450504292,3,6,9,11.5,55,"▇▁▁▁▁",112,18.9189189189189
"53","numeric","covid_n_PCR_pos",0,1,NA,NA,NA,NA,NA,NA,NA,NA,NA,14.2,17.1472613390177,1,6.5,11,15,73,"▇▁▁▁▁",213,35.9797297297297
"54","numeric","covid_n_PCR_neg",2,0.866666666666667,NA,NA,NA,NA,NA,NA,NA,NA,NA,25.6923076923077,27.2897557561582,2,10,22,25,108,"▇▃▁▁▁",334,56.4189189189189
"55","numeric","covid_n_PCR_stool_pos",10,0.333333333333333,NA,NA,NA,NA,NA,NA,NA,NA,NA,0.8,0.836660026534076,0,0,1,1,2,"▇▁▇▁▃",4,0.675675675675676
"56","numeric","covid_n_PCR_stool_neg",10,0.333333333333333,NA,NA,NA,NA,NA,NA,NA,NA,NA,10.6,13.2778010227598,0,3,5,12,33,"▇▂▁▁▂",53,8.9527027027027
"57","numeric","covid_n_sero_pos",10,0.333333333333333,NA,NA,NA,NA,NA,NA,NA,NA,NA,32.8,30.662680900404,9,12,27,31,85,"▇▇▁▁▃",164,27.7027027027027
"58","numeric","covid_n_sero_neg",10,0.333333333333333,NA,NA,NA,NA,NA,NA,NA,NA,NA,11.8,19.4216374180963,0,0,5,8,46,"▇▁▁▁▂",59,9.96621621621622
"59","numeric","covid_n_sero_any",14,0.0666666666666667,NA,NA,NA,NA,NA,NA,NA,NA,NA,30,NA,30,30,30,30,30,"▁▁▇▁▁",30,5.06756756756757
"60","numeric","covid_n_IgA_pos",14,0.0666666666666667,NA,NA,NA,NA,NA,NA,NA,NA,NA,25,NA,25,25,25,25,25,"▁▁▇▁▁",25,4.22297297297297
"61","numeric","covid_n_IgA_neg",14,0.0666666666666667,NA,NA,NA,NA,NA,NA,NA,NA,NA,10,NA,10,10,10,10,10,"▁▁▇▁▁",10,1.68918918918919
"62","numeric","covid_n_IgM_pos",13,0.133333333333333,NA,NA,NA,NA,NA,NA,NA,NA,NA,12.5,14.8492424049175,2,7.25,12.5,17.75,23,"▇▁▁▁▇",25,4.22297297297297
"63","numeric","covid_n_IgM_neg",13,0.133333333333333,NA,NA,NA,NA,NA,NA,NA,NA,NA,30,4.24264068711928,27,28.5,30,31.5,33,"▇▁▁▁▇",60,10.1351351351351
"64","numeric","covid_n_IgG_pos",5,0.666666666666667,NA,NA,NA,NA,NA,NA,NA,NA,NA,22.5,11.8251145167112,3,19,24.5,29.5,40,"▃▁▇▃▃",225,38.0067567567568
"65","numeric","covid_n_IgG_neg",5,0.666666666666667,NA,NA,NA,NA,NA,NA,NA,NA,NA,4.3,8.38053299816505,0,0,1,4.75,27,"▇▂▁▁▁",43,7.26351351351351
"66","numeric","symp_fever_n",1,0.933333333333333,NA,NA,NA,NA,NA,NA,NA,NA,NA,40.5,44.1514003611001,7,19.25,32,40.25,186,"▇▂▁▁▁",567,95.777027027027
"67","numeric","symp_fever_days_min",13,0.133333333333333,NA,NA,NA,NA,NA,NA,NA,NA,NA,2,1.4142135623731,1,1.5,2,2.5,3,"▇▁▁▁▇",4,0.675675675675676
"68","numeric","symp_fever_days_med",10,0.333333333333333,NA,NA,NA,NA,NA,NA,NA,NA,NA,6.6,1.81659021245849,5,5,6,8,9,"▇▃▁▃▃",33,5.57432432432432
"69","numeric","symp_fever_days_max",13,0.133333333333333,NA,NA,NA,NA,NA,NA,NA,NA,NA,15.5,4.94974746830583,12,13.75,15.5,17.25,19,"▇▁▁▁▇",31,5.23648648648649
"70","numeric","symp_fever_days_Q1",12,0.2,NA,NA,NA,NA,NA,NA,NA,NA,NA,7.33333333333333,2.08166599946613,5,6.5,8,8.5,9,"▇▁▁▇▇",22,3.71621621621622
"71","numeric","symp_fever_days_Q3",12,0.2,NA,NA,NA,NA,NA,NA,NA,NA,NA,10.6666666666667,2.3094010767585,8,10,12,12,12,"▃▁▁▁▇",32,5.40540540540541
"72","numeric","symp_resp_any_n",7,0.533333333333333,NA,NA,NA,NA,NA,NA,NA,NA,NA,25.375,43.3323946784785,1,5.5,11.5,18.5,131,"▇▁▁▁▁",203,34.2905405405405
"73","numeric","symp_resp_URT_n",10,0.333333333333333,NA,NA,NA,NA,NA,NA,NA,NA,NA,9.6,3.91152144312159,6,6,9,12,15,"▇▃▁▃▃",48,8.10810810810811
"74","numeric","symp_resp_dyspnea_n",10,0.333333333333333,NA,NA,NA,NA,NA,NA,NA,NA,NA,10.6,7.30068489937759,5,6,8,11,23,"▇▂▁▁▂",53,8.9527027027027
"75","numeric","symp_resp_pneumonia_n",11,0.266666666666667,NA,NA,NA,NA,NA,NA,NA,NA,NA,10.25,4.99165971062398,3,9,12,13.25,14,"▃▁▁▃▇",41,6.92567567567568
"76","numeric","symp_resp_chestpain_n",11,0.266666666666667,NA,NA,NA,NA,NA,NA,NA,NA,NA,4.25,2.75378527364305,1,2.5,4.5,6.25,7,"▃▃▁▁▇",17,2.87162162162162
"77","numeric","symp_resp_failure_n",9,0.4,NA,NA,NA,NA,NA,NA,NA,NA,NA,22.1666666666667,42.9903089854756,0,1.5,3,13.5,109,"▇▁▁▁▂",133,22.4662162162162
"78","numeric","symp_GI_any_n",2,0.866666666666667,NA,NA,NA,NA,NA,NA,NA,NA,NA,33.8461538461538,42.4241404427679,6,15,23,32,171,"▇▁▁▁▁",440,74.3243243243243
"79","numeric","symp_GI_abdopain_n",9,0.4,NA,NA,NA,NA,NA,NA,NA,NA,NA,24.1666666666667,8.01040989379861,13,18.75,25,30.5,33,"▃▇▁▃▇",145,24.4932432432432
"80","numeric","symp_GI_vomiting_n",8,0.466666666666667,NA,NA,NA,NA,NA,NA,NA,NA,NA,21.5714285714286,4.27617987059879,16,18,23,25,26,"▅▂▁▂▇",151,25.5067567567568
"81","numeric","symp_GI_diarrh_n",8,0.466666666666667,NA,NA,NA,NA,NA,NA,NA,NA,NA,19,6.05530070819498,13,14.5,18,21.5,30,"▇▂▅▁▂",133,22.4662162162162
"82","numeric","symp_GI_colitis_n",14,0.0666666666666667,NA,NA,NA,NA,NA,NA,NA,NA,NA,3,NA,3,3,3,3,3,"▁▁▇▁▁",3,0.506756756756757
"83","numeric","symp_neuro_any_n",4,0.733333333333333,NA,NA,NA,NA,NA,NA,NA,NA,NA,9.63636363636364,5.16280403022868,4,4.5,10,12.5,19,"▇▃▆▂▂",106,17.9054054054054
"84","numeric","symp_neuro_encefalo_n",14,0.0666666666666667,NA,NA,NA,NA,NA,NA,NA,NA,NA,4,NA,4,4,4,4,4,"▁▁▇▁▁",4,0.675675675675676
"85","numeric","symp_neuro_asthenia_n",10,0.333333333333333,NA,NA,NA,NA,NA,NA,NA,NA,NA,8.2,15.0565600320923,0,1,1,4,35,"▇▁▁▁▂",41,6.92567567567568
"86","numeric","symp_neuro_headache_n",11,0.266666666666667,NA,NA,NA,NA,NA,NA,NA,NA,NA,11,5.22812904711937,4,8.5,12.5,15,15,"▃▁▃▁▇",44,7.43243243243243
"87","numeric","symp_neuro_irritab_n",14,0.0666666666666667,NA,NA,NA,NA,NA,NA,NA,NA,NA,12,NA,12,12,12,12,12,"▁▁▇▁▁",12,2.02702702702703
"88","numeric","symp_dermato_any_n",12,0.2,NA,NA,NA,NA,NA,NA,NA,NA,NA,20.3333333333333,7.23417813807024,12,18,24,24.5,25,"▃▁▁▁▇",61,10.3040540540541
"89","numeric","symp_renal_any_n",14,0.0666666666666667,NA,NA,NA,NA,NA,NA,NA,NA,NA,15,NA,15,15,15,15,15,"▁▁▇▁▁",15,2.53378378378378
"90","numeric","symp_renal_AKI_n",8,0.466666666666667,NA,NA,NA,NA,NA,NA,NA,NA,NA,9,7.23417813807024,3,3.5,7,11.5,23,"▇▂▂▁▂",63,10.6418918918919
"91","numeric","symp_cardiovasc_any_n",13,0.133333333333333,NA,NA,NA,NA,NA,NA,NA,NA,NA,85.5,89.8025612106915,22,53.75,85.5,117.25,149,"▇▁▁▁▇",171,28.8851351351351
"92","numeric","symp_cardiovasc_myocard_n",8,0.466666666666667,NA,NA,NA,NA,NA,NA,NA,NA,NA,12.8571428571429,7.15142343473362,1,9,15,17.5,21,"▃▃▃▇▇",90,15.2027027027027
"93","numeric","symp_cardiovasc_pericard_n",7,0.533333333333333,NA,NA,NA,NA,NA,NA,NA,NA,NA,9.25,8.13721609116322,1,3,8,11.25,26,"▇▇▂▁▂",74,12.5
"94","numeric","symp_cardiovasc_cordilat_n",5,0.666666666666667,NA,NA,NA,NA,NA,NA,NA,NA,NA,5.2,4.28952211790544,0,2.25,5.5,6,15,"▇▇▂▁▂",52,8.78378378378378
"95","numeric","symp_cardiovasc_aneurysm_n",6,0.6,NA,NA,NA,NA,NA,NA,NA,NA,NA,2.66666666666667,2.73861278752583,0,1,1,4,8,"▇▁▃▂▂",24,4.05405405405405
"96","numeric","symp_cardiovasc_LV_less30_n",8,0.466666666666667,NA,NA,NA,NA,NA,NA,NA,NA,NA,3.71428571428571,4.19182878603463,0,0.5,2,6.5,10,"▇▂▁▁▃",26,4.39189189189189
"97","numeric","symp_cardiovasc_LV_30to55_n",9,0.4,NA,NA,NA,NA,NA,NA,NA,NA,NA,23.6666666666667,19.1694200920807,9,12.5,18,23.5,61,"▇▂▁▁▂",142,23.9864864864865
"98","numeric","symp_cardiovasc_LVEF_med",10,0.333333333333333,NA,NA,NA,NA,NA,NA,NA,NA,NA,44.72,6.9492445632601,34,42,46.6,50,51,"▃▁▃▃▇",223.6,37.7702702702703
"99","numeric","symp_cardiovasc_LVEF_Q1",14,0.0666666666666667,NA,NA,NA,NA,NA,NA,NA,NA,NA,39.5,NA,39.5,39.5,39.5,39.5,39.5,"▁▁▇▁▁",39.5,6.6722972972973
"100","numeric","symp_cardiovasc_LVEF_Q3",14,0.0666666666666667,NA,NA,NA,NA,NA,NA,NA,NA,NA,52.8,NA,52.8,52.8,52.8,52.8,52.8,"▁▁▇▁▁",52.8,8.91891891891892
"101","numeric","symp_cardiovasc_LVEF_min",13,0.133333333333333,NA,NA,NA,NA,NA,NA,NA,NA,NA,6.5,4.94974746830583,3,4.75,6.5,8.25,10,"▇▁▁▁▇",13,2.19594594594595
"102","numeric","symp_cardiovasc_LVEF_max",13,0.133333333333333,NA,NA,NA,NA,NA,NA,NA,NA,NA,50,9.89949493661167,43,46.5,50,53.5,57,"▇▁▁▁▇",100,16.8918918918919
"103","numeric","symp_cardiovasc_shock_n",2,0.866666666666667,NA,NA,NA,NA,NA,NA,NA,NA,NA,14.6153846153846,10.0626244219095,1,5,13,22,29,"▇▃▂▆▆",190,32.0945945945946
"104","numeric","symp_cardiovasc_tachycard_n",10,0.333333333333333,NA,NA,NA,NA,NA,NA,NA,NA,NA,21.4,15.8050624801043,4,7,26,28,42,"▇▁▃▃▃",107,18.0743243243243
"105","numeric","symp_cardiovasc_arrhyt_n",11,0.266666666666667,NA,NA,NA,NA,NA,NA,NA,NA,NA,7.5,9.74679434480896,1,2.5,3.5,8.5,22,"▇▁▁▁▂",30,5.06756756756757
"106","numeric","symp_cardiovasc_thrombo_n",13,0.133333333333333,NA,NA,NA,NA,NA,NA,NA,NA,NA,0,0,0,0,0,0,0,"▁▁▇▁▁",0,0
"107","numeric","kawasaki_complete_n",7,0.533333333333333,NA,NA,NA,NA,NA,NA,NA,NA,NA,11.875,12.2058241367448,0,5.5,7.5,13.5,38,"▇▃▂▁▂",95,16.0472972972973
"108","numeric","kawasaki_incomplete_n",11,0.266666666666667,NA,NA,NA,NA,NA,NA,NA,NA,NA,14.75,14.3149106412393,5,7.25,9,16.5,36,"▇▁▁▁▂",59,9.96621621621622
"109","numeric","kawasaki_comp_or_incomp_n",11,0.266666666666667,NA,NA,NA,NA,NA,NA,NA,NA,NA,27.5,31.6701752442262,3,12,16.5,32,74,"▇▃▁▁▃",110,18.5810810810811
"110","numeric","kawasaki_fever_n",11,0.266666666666667,NA,NA,NA,NA,NA,NA,NA,NA,NA,45.5,58.409474117361,7,8.5,22,59,131,"▇▃▁▁▃",182,30.7432432432432
"111","numeric","kawasaki_exanthema_n",2,0.866666666666667,NA,NA,NA,NA,NA,NA,NA,NA,NA,24.4615384615385,26.93701104619,6,12,16,25,110,"▇▂▁▁▁",318,53.7162162162162
"112","numeric","kawasaki_mouth_n",3,0.8,NA,NA,NA,NA,NA,NA,NA,NA,NA,17.5,19.9522156436549,4,7.75,12,17.5,78,"▇▂▁▁▁",210,35.472972972973
"113","numeric","kawasaki_extremity_n",6,0.6,NA,NA,NA,NA,NA,NA,NA,NA,NA,12.3333333333333,21.4592637338749,1,3,6,9,69,"▇▁▁▁▁",111,18.75
"114","numeric","kawasaki_cervical_n",5,0.666666666666667,NA,NA,NA,NA,NA,NA,NA,NA,NA,7.8,7.11492953037641,0,3,5,11.25,21,"▇▂▃▁▃",78,13.1756756756757
"115","numeric","kawasaki_conjunctivitis_n",2,0.866666666666667,NA,NA,NA,NA,NA,NA,NA,NA,NA,23.2307692307692,25.1699352606565,6,11,17,23,103,"▇▂▁▁▁",302,51.0135135135135
"116","numeric","symp_effusion_n",13,0.133333333333333,NA,NA,NA,NA,NA,NA,NA,NA,NA,8.5,4.94974746830583,5,6.75,8.5,10.25,12,"▇▁▁▁▇",17,2.87162162162162
"117","numeric","symp_arthritis_n",12,0.2,NA,NA,NA,NA,NA,NA,NA,NA,NA,1.66666666666667,2.08166599946613,0,0.5,1,2.5,4,"▇▇▁▁▇",5,0.844594594594595
"118","numeric","symp_mas",13,0.133333333333333,NA,NA,NA,NA,NA,NA,NA,NA,NA,0,0,0,0,0,0,0,"▁▁▇▁▁",0,0
"119","numeric","lab_Hb_NS_n",10,0.333333333333333,NA,NA,NA,NA,NA,NA,NA,NA,NA,37.8,13.9176147381654,21,33,33,44,58,"▃▇▁▃▃",189,31.9256756756757
"120","numeric","lab_Hb_NS_med",10,0.333333333333333,NA,NA,NA,NA,NA,NA,NA,NA,NA,10.3,1.29614813968157,8.6,9.2,11.2,11.2,11.3,"▂▂▁▁▇",51.5,8.69932432432432
"121","numeric","lab_Hb_NS_Q1",12,0.2,NA,NA,NA,NA,NA,NA,NA,NA,NA,9.45,1.1034038245357,8.3,8.925,9.55,10.025,10.5,"▇▁▇▁▇",28.35,4.78885135135135
"122","numeric","lab_Hb_NS_Q3",12,0.2,NA,NA,NA,NA,NA,NA,NA,NA,NA,11.6,1.15325625946708,10.3,11.15,12,12.25,12.5,"▇▁▁▇▇",34.8,5.87837837837838
"123","numeric","lab_Hb_baseline_n",14,0.0666666666666667,NA,NA,NA,NA,NA,NA,NA,NA,NA,17,NA,17,17,17,17,17,"▁▁▇▁▁",17,2.87162162162162
"124","numeric","lab_Hb_baseline_med",14,0.0666666666666667,NA,NA,NA,NA,NA,NA,NA,NA,NA,11.2,NA,11.2,11.2,11.2,11.2,11.2,"▁▁▇▁▁",11.2,1.89189189189189
"125","numeric","lab_WBC_NS_n",6,0.6,NA,NA,NA,NA,NA,NA,NA,NA,NA,30.5555555555556,16.1872720919177,7,21,33,35,58,"▃▂▇▂▂",275,46.4527027027027
"126","numeric","lab_WBC_NS_med",3,0.8,NA,NA,NA,NA,NA,NA,NA,NA,NA,12151.6666666667,3022.43078974323,9100,9695,11100,13525,17400,"▇▇▂▁▆",145820,24631.7567567568
"127","numeric","lab_WBC_NS_Q1",5,0.666666666666667,NA,NA,NA,NA,NA,NA,NA,NA,NA,9334,2129.50281103882,6400,7550,9075,11400,12000,"▇▅▂▂▇",93340,15766.8918918919
"128","numeric","lab_WBC_NS_Q3",5,0.666666666666667,NA,NA,NA,NA,NA,NA,NA,NA,NA,17333,5852.25512089143,11900,13775,14600,20800,30000,"▇▁▁▁▁",173330,29278.7162162162
"129","numeric","lab_WBC_baseline_n",14,0.0666666666666667,NA,NA,NA,NA,NA,NA,NA,NA,NA,17,NA,17,17,17,17,17,"▁▁▇▁▁",17,2.87162162162162
"130","numeric","lab_WBC_baseline_med",14,0.0666666666666667,NA,NA,NA,NA,NA,NA,NA,NA,NA,14000,NA,14000,14000,14000,14000,14000,"▁▁▇▁▁",14000,2364.86486486487
"131","numeric","lab_neutro_NS_n",9,0.4,NA,NA,NA,NA,NA,NA,NA,NA,NA,27.3333333333333,19.1485421551268,7,12,27.5,34.75,58,"▇▃▇▁▃",164,27.7027027027027
"132","numeric","lab_neutro_NS_med",9,0.4,NA,NA,NA,NA,NA,NA,NA,NA,NA,11333.3333333333,2211.48517215618,8000,10100,11700,13000,13600,"▂▂▂▁▇",68000,11486.4864864865
"133","numeric","lab_neutro_NS_Q1",10,0.333333333333333,NA,NA,NA,NA,NA,NA,NA,NA,NA,8520,1425.48237449644,6400,8000,8600,9600,10000,"▃▁▃▃▇",42600,7195.94594594594
"134","numeric","lab_neutro_NS_Q3",10,0.333333333333333,NA,NA,NA,NA,NA,NA,NA,NA,NA,14260,4497.55489127148,9600,10700,13000,19000,19000,"▇▃▁▁▇",71300,12043.9189189189
"135","numeric","lab_lympho_NS_n",8,0.466666666666667,NA,NA,NA,NA,NA,NA,NA,NA,NA,28,17.5594229214212,7,15,33,34,58,"▅▂▇▁▂",196,33.1081081081081
"136","numeric","lab_lympho_NS_med",8,0.466666666666667,NA,NA,NA,NA,NA,NA,NA,NA,NA,1047.14285714286,273.661243493623,800,865,1000,1100,1600,"▇▇▁▁▂",7330,1238.17567567568
"137","numeric","lab_lympho_NS_Q1",9,0.4,NA,NA,NA,NA,NA,NA,NA,NA,NA,676.666666666667,195.823049375365,490,525,635,767.5,1000,"▇▇▁▃▃",4060,685.810810810811
"138","numeric","lab_lympho_NS_Q3",9,0.4,NA,NA,NA,NA,NA,NA,NA,NA,NA,1390,199.097965835917,1120,1300,1360,1480,1700,"▃▇▃▃▃",8340,1408.78378378378
"139","numeric","lab_lympho_baseline_n",14,0.0666666666666667,NA,NA,NA,NA,NA,NA,NA,NA,NA,17,NA,17,17,17,17,17,"▁▁▇▁▁",17,2.87162162162162
"140","numeric","lab_lympho_baseline_med",14,0.0666666666666667,NA,NA,NA,NA,NA,NA,NA,NA,NA,1212.1,NA,1212.1,1212.1,1212.1,1212.1,1212.1,"▁▁▇▁▁",1212.1,204.746621621622
"141","numeric","lab_platelet_NS_n",4,0.733333333333333,NA,NA,NA,NA,NA,NA,NA,NA,NA,30.4545454545455,14.7943478150518,7,23.5,33,37.5,58,"▃▃▇▃▂",335,56.5878378378378
"142","numeric","lab_platelet_NS_med",4,0.733333333333333,NA,NA,NA,NA,NA,NA,NA,NA,NA,199000,101826.322726493,125000,157000,176000,189500,499000,"▇▁▁▁▁",2189000,369763.513513513
"143","numeric","lab_platelet_NS_Q1",6,0.6,NA,NA,NA,NA,NA,NA,NA,NA,NA,124055.555555556,22705.2367919337,100000,104000,130000,135000,170000,"▇▁▇▁▂",1116500,188597.972972973
"144","numeric","lab_platelet_NS_Q3",6,0.6,NA,NA,NA,NA,NA,NA,NA,NA,NA,234333.333333333,33797.1892322424,200000,210000,224000,240000,297000,"▇▇▂▁▅",2109000,356250
"145","numeric","lab_platelet_baseline_n",14,0.0666666666666667,NA,NA,NA,NA,NA,NA,NA,NA,NA,17,NA,17,17,17,17,17,"▁▁▇▁▁",17,2.87162162162162
"146","numeric","lab_platelet_baseline_med",14,0.0666666666666667,NA,NA,NA,NA,NA,NA,NA,NA,NA,237000,NA,237000,237000,237000,237000,237000,"▁▁▇▁▁",237000,40033.7837837838
"147","numeric","lab_platelet_lowest_n",14,0.0666666666666667,NA,NA,NA,NA,NA,NA,NA,NA,NA,185,NA,185,185,185,185,185,"▁▁▇▁▁",185,31.25
"148","numeric","lab_platelet_lowest_med",14,0.0666666666666667,NA,NA,NA,NA,NA,NA,NA,NA,NA,133000,NA,133000,133000,133000,133000,133000,"▁▁▇▁▁",133000,22466.2162162162
"149","numeric","lab_platelet_lowest_Q1",14,0.0666666666666667,NA,NA,NA,NA,NA,NA,NA,NA,NA,88000,NA,88000,88000,88000,88000,88000,"▁▁▇▁▁",88000,14864.8648648649
"150","numeric","lab_platelet_lowest_Q3",14,0.0666666666666667,NA,NA,NA,NA,NA,NA,NA,NA,NA,235000,NA,235000,235000,235000,235000,235000,"▁▁▇▁▁",235000,39695.9459459459
"151","numeric","lab_sodium_NS_n",10,0.333333333333333,NA,NA,NA,NA,NA,NA,NA,NA,NA,20.6,12.5219806739988,7,9,21,33,33,"▇▁▃▁▇",103,17.3986486486486
"152","numeric","lab_sodium_NS_med",10,0.333333333333333,NA,NA,NA,NA,NA,NA,NA,NA,NA,131.2,3.42052627529741,127,130,130,133,136,"▃▇▁▃▃",656,110.810810810811
"153","numeric","lab_sodium_NS_Q1",11,0.266666666666667,NA,NA,NA,NA,NA,NA,NA,NA,NA,130.5,3.41565025531987,127,128.5,130,132,135,"▇▇▇▁▇",522,88.1756756756757
"154","numeric","lab_sodium_NS_Q3",11,0.266666666666667,NA,NA,NA,NA,NA,NA,NA,NA,NA,135.5,2.88675134594813,132,134.25,135.5,136.75,139,"▃▁▇▁▃",542,91.5540540540541
"155","numeric","lab_sodium_baseline_n",14,0.0666666666666667,NA,NA,NA,NA,NA,NA,NA,NA,NA,17,NA,17,17,17,17,17,"▁▁▇▁▁",17,2.87162162162162
"156","numeric","lab_sodium_baseline_med",14,0.0666666666666667,NA,NA,NA,NA,NA,NA,NA,NA,NA,133.1,NA,133.1,133.1,133.1,133.1,133.1,"▁▁▇▁▁",133.1,22.4831081081081
"157","numeric","lab_ferritin_NS_n",6,0.6,NA,NA,NA,NA,NA,NA,NA,NA,NA,28.6666666666667,15.4191439451093,7,23,33,35,58,"▃▃▇▁▂",258,43.5810810810811
"158","numeric","lab_ferritin_NS_med",6,0.6,NA,NA,NA,NA,NA,NA,NA,NA,NA,674.333333333333,423.038709812707,295,540,610,631,1760,"▇▇▁▁▂",6069,1025.16891891892
"159","numeric","lab_ferritin_NS_Q1",6,0.6,NA,NA,NA,NA,NA,NA,NA,NA,NA,446.444444444444,472.815268130988,165,293,313,359,1693,"▇▁▁▁▁",4018,678.716216216216
"160","numeric","lab_ferritin_NS_Q3",6,0.6,NA,NA,NA,NA,NA,NA,NA,NA,NA,1110.55555555556,568.268226964853,536,880,954,1192,2500,"▅▇▁▁▂",9995,1688.34459459459
"161","numeric","lab_ferritin_baseline_n",14,0.0666666666666667,NA,NA,NA,NA,NA,NA,NA,NA,NA,17,NA,17,17,17,17,17,"▁▁▇▁▁",17,2.87162162162162
"162","numeric","lab_ferritin_baseline_med",14,0.0666666666666667,NA,NA,NA,NA,NA,NA,NA,NA,NA,647.9,NA,647.9,647.9,647.9,647.9,647.9,"▁▁▇▁▁",647.9,109.442567567568
"163","numeric","lab_ferritin_peak_n",13,0.133333333333333,NA,NA,NA,NA,NA,NA,NA,NA,NA,89,104.651803615609,15,52,89,126,163,"▇▁▁▁▇",178,30.0675675675676
"164","numeric","lab_ferritin_peak_med",13,0.133333333333333,NA,NA,NA,NA,NA,NA,NA,NA,NA,598.5,57.2756492761104,558,578.25,598.5,618.75,639,"▇▁▁▁▇",1197,202.195945945946
"165","numeric","lab_ferritin_peak_Q1",13,0.133333333333333,NA,NA,NA,NA,NA,NA,NA,NA,NA,348.35,22.1324422511389,332.7,340.525,348.35,356.175,364,"▇▁▁▁▇",696.7,117.685810810811
"166","numeric","lab_ferritin_peak_Q3",13,0.133333333333333,NA,NA,NA,NA,NA,NA,NA,NA,NA,1251.6,103.803275478185,1178.2,1214.9,1251.6,1288.3,1325,"▇▁▁▁▇",2503.2,422.837837837838
"167","numeric","lab_ALT_NS_n",10,0.333333333333333,NA,NA,NA,NA,NA,NA,NA,NA,NA,37.8,13.9176147381654,21,33,33,44,58,"▃▇▁▃▃",189,31.9256756756757
"168","numeric","lab_ALT_NS_median",10,0.333333333333333,NA,NA,NA,NA,NA,NA,NA,NA,NA,42.1,16.8982247588319,24.5,36,38,42,70,"▂▇▁▁▂",210.5,35.5574324324324
"169","numeric","lab_ALT_NS_Q1",12,0.2,NA,NA,NA,NA,NA,NA,NA,NA,NA,28,2,26,27,28,29,30,"▇▁▇▁▇",84,14.1891891891892
"170","numeric","lab_ALT_NS_Q3",12,0.2,NA,NA,NA,NA,NA,NA,NA,NA,NA,70.6666666666667,21.7791949652262,53,58.5,64,79.5,95,"▇▇▁▁▇",212,35.8108108108108
"171","numeric","lab_ALT_baseline_n",14,0.0666666666666667,NA,NA,NA,NA,NA,NA,NA,NA,NA,17,NA,17,17,17,17,17,"▁▁▇▁▁",17,2.87162162162162
"172","numeric","lab_ALT_baseline_med",14,0.0666666666666667,NA,NA,NA,NA,NA,NA,NA,NA,NA,49.6,NA,49.6,49.6,49.6,49.6,49.6,"▁▁▇▁▁",49.6,8.37837837837838
"173","numeric","lab_AST_NS_n",12,0.2,NA,NA,NA,NA,NA,NA,NA,NA,NA,36.6666666666667,6.35085296108588,33,33,33,38.5,44,"▇▁▁▁▃",110,18.5810810810811
"174","numeric","lab_AST_NS_med",12,0.2,NA,NA,NA,NA,NA,NA,NA,NA,NA,44.3333333333333,11.9303534454489,31,39.5,48,51,54,"▇▁▁▇▇",133,22.4662162162162
"175","numeric","lab_AST_NS_Q1",13,0.133333333333333,NA,NA,NA,NA,NA,NA,NA,NA,NA,31.5,6.36396103067893,27,29.25,31.5,33.75,36,"▇▁▁▁▇",63,10.6418918918919
"176","numeric","lab_AST_NS_Q3",13,0.133333333333333,NA,NA,NA,NA,NA,NA,NA,NA,NA,72.5,4.94974746830583,69,70.75,72.5,74.25,76,"▇▁▁▁▇",145,24.4932432432432
"177","numeric","lab_AST_baseline_n",14,0.0666666666666667,NA,NA,NA,NA,NA,NA,NA,NA,NA,17,NA,17,17,17,17,17,"▁▁▇▁▁",17,2.87162162162162
"178","numeric","lab_AST_baseline_med",14,0.0666666666666667,NA,NA,NA,NA,NA,NA,NA,NA,NA,51.5,NA,51.5,51.5,51.5,51.5,51.5,"▁▁▇▁▁",51.5,8.69932432432432
"179","numeric","lab_albumin_NS_n",5,0.666666666666667,NA,NA,NA,NA,NA,NA,NA,NA,NA,29.9,15.6592180874752,7,21.75,31,39,58,"▅▅▇▅▂",299,50.5067567567568
"180","numeric","lab_albumin_NS_med",5,0.666666666666667,NA,NA,NA,NA,NA,NA,NA,NA,NA,28.55,6.56780869933885,18.5,22.5,31,33.5,37,"▇▂▁▇▇",285.5,48.2263513513513
"181","numeric","lab_albumin_NS_Q1",7,0.533333333333333,NA,NA,NA,NA,NA,NA,NA,NA,NA,24.125,3.68151754424333,18,21.75,25,26,30,"▃▇▇▇▃",193,32.6013513513513
"182","numeric","lab_albumin_NS_Q3",7,0.533333333333333,NA,NA,NA,NA,NA,NA,NA,NA,NA,32,7.25061573739973,20,26.25,35.5,37.25,39,"▂▃▁▂▇",256,43.2432432432432
"183","numeric","lab_albumin_low_n",14,0.0666666666666667,NA,NA,NA,NA,NA,NA,NA,NA,NA,178,NA,178,178,178,178,178,"▁▁▇▁▁",178,30.0675675675676
"184","numeric","lab_albumin_low_med",14,0.0666666666666667,NA,NA,NA,NA,NA,NA,NA,NA,NA,25,NA,25,25,25,25,25,"▁▁▇▁▁",25,4.22297297297297
"185","numeric","lab_albumin_low_Q1",14,0.0666666666666667,NA,NA,NA,NA,NA,NA,NA,NA,NA,20,NA,20,20,20,20,20,"▁▁▇▁▁",20,3.37837837837838
"186","numeric","lab_albumin_low_Q3",14,0.0666666666666667,NA,NA,NA,NA,NA,NA,NA,NA,NA,29,NA,29,29,29,29,29,"▁▁▇▁▁",29,4.89864864864865
"187","numeric","lab_LDH_baseline_n",13,0.133333333333333,NA,NA,NA,NA,NA,NA,NA,NA,NA,18,1.4142135623731,17,17.5,18,18.5,19,"▇▁▁▁▇",36,6.08108108108108
"188","numeric","lab_LDH_baseline_med",13,0.133333333333333,NA,NA,NA,NA,NA,NA,NA,NA,NA,254.9,152.593643380057,147,200.95,254.9,308.85,362.8,"▇▁▁▁▇",509.8,86.1148648648649
"189","numeric","lab_LDH_baseline_Q1",14,0.0666666666666667,NA,NA,NA,NA,NA,NA,NA,NA,NA,110,NA,110,110,110,110,110,"▁▁▇▁▁",110,18.5810810810811
"190","numeric","lab_LDH_baseline_Q3",14,0.0666666666666667,NA,NA,NA,NA,NA,NA,NA,NA,NA,510,NA,510,510,510,510,510,"▁▁▇▁▁",510,86.1486486486486
"191","numeric","lab_LDH_NS_n",11,0.266666666666667,NA,NA,NA,NA,NA,NA,NA,NA,NA,25.5,7.54983443527075,19,19,25,31.5,33,"▇▁▁▁▇",102,17.2297297297297
"192","numeric","lab_LDH_NS_med",11,0.266666666666667,NA,NA,NA,NA,NA,NA,NA,NA,NA,315.25,18.4639287982452,288,312,322.5,325.75,328,"▃▁▁▃▇",1261,213.006756756757
"193","numeric","lab_LDH_NS_Q1",11,0.266666666666667,NA,NA,NA,NA,NA,NA,NA,NA,NA,268.75,11.7862914721581,256,261.25,268,275.5,283,"▇▇▁▇▇",1075,181.587837837838
"194","numeric","lab_LDH_NS_Q3",11,0.266666666666667,NA,NA,NA,NA,NA,NA,NA,NA,NA,413,51.478150704935,342,399.75,422.5,435.75,465,"▃▁▁▇▃",1652,279.054054054054
"195","numeric","lab_CK_baseline_n",14,0.0666666666666667,NA,NA,NA,NA,NA,NA,NA,NA,NA,19,NA,19,19,19,19,19,"▁▁▇▁▁",19,3.20945945945946
"196","numeric","lab_CK_baseline_med",14,0.0666666666666667,NA,NA,NA,NA,NA,NA,NA,NA,NA,147,NA,147,147,147,147,147,"▁▁▇▁▁",147,24.8310810810811
"197","numeric","lab_CK_baseline_Q1",14,0.0666666666666667,NA,NA,NA,NA,NA,NA,NA,NA,NA,110,NA,110,110,110,110,110,"▁▁▇▁▁",110,18.5810810810811
"198","numeric","lab_CK_baseline_Q3",14,0.0666666666666667,NA,NA,NA,NA,NA,NA,NA,NA,NA,510,NA,510,510,510,510,510,"▁▁▇▁▁",510,86.1486486486486
"199","numeric","lab_CK_peak_n",14,0.0666666666666667,NA,NA,NA,NA,NA,NA,NA,NA,NA,15,NA,15,15,15,15,15,"▁▁▇▁▁",15,2.53378378378378
"200","numeric","lab_CK_peak_med",14,0.0666666666666667,NA,NA,NA,NA,NA,NA,NA,NA,NA,385,NA,385,385,385,385,385,"▁▁▇▁▁",385,65.0337837837838
"201","numeric","lab_CK_peak_Q1",14,0.0666666666666667,NA,NA,NA,NA,NA,NA,NA,NA,NA,117,NA,117,117,117,117,117,"▁▁▇▁▁",117,19.7635135135135
"202","numeric","lab_CK_peak_Q3",14,0.0666666666666667,NA,NA,NA,NA,NA,NA,NA,NA,NA,1615,NA,1615,1615,1615,1615,1615,"▁▁▇▁▁",1615,272.804054054054
"203","numeric","lab_Ddim_baseline_n",13,0.133333333333333,NA,NA,NA,NA,NA,NA,NA,NA,NA,18.5,2.12132034355964,17,17.75,18.5,19.25,20,"▇▁▁▁▇",37,6.25
"204","numeric","lab_Ddim_baseline_med",13,0.133333333333333,NA,NA,NA,NA,NA,NA,NA,NA,NA,4642,907.925107043527,4000,4321,4642,4963,5284,"▇▁▁▁▇",9284,1568.24324324324
"205","numeric","lab_Ddim_baseline_Q1",14,0.0666666666666667,NA,NA,NA,NA,NA,NA,NA,NA,NA,4069,NA,4069,4069,4069,4069,4069,"▁▁▇▁▁",4069,687.331081081081
"206","numeric","lab_Ddim_baseline_Q3",14,0.0666666666666667,NA,NA,NA,NA,NA,NA,NA,NA,NA,9095,NA,9095,9095,9095,9095,9095,"▁▁▇▁▁",9095,1536.31756756757
"207","numeric","lab_Ddim_NS_n",7,0.533333333333333,NA,NA,NA,NA,NA,NA,NA,NA,NA,34.125,11.4072345465498,20,27.5,33,36.25,58,"▃▇▂▁▂",273,46.1148648648649
"208","numeric","lab_Ddim_NS_med",7,0.533333333333333,NA,NA,NA,NA,NA,NA,NA,NA,NA,3112.875,1124.58137449326,1700,2325,3139,3781.25,4900,"▇▇▃▇▃",24903,4206.58783783784
"209","numeric","lab_Ddim_NS_Q1",8,0.466666666666667,NA,NA,NA,NA,NA,NA,NA,NA,NA,1791.85714285714,881.260920229537,800,1129,1700,2242.5,3300,"▇▂▂▂▂",12543,2118.75
"210","numeric","lab_Ddim_NS_Q3",8,0.466666666666667,NA,NA,NA,NA,NA,NA,NA,NA,NA,5335,2878.01291403172,2410,3450,4400,6667.5,10300,"▇▅▁▂▂",37345,6308.27702702703
"211","numeric","lab_Ddim_peak_n",13,0.133333333333333,NA,NA,NA,NA,NA,NA,NA,NA,NA,66.5,72.8319984622144,15,40.75,66.5,92.25,118,"▇▁▁▁▇",133,22.4662162162162
"212","numeric","lab_Ddim_peak_med",13,0.133333333333333,NA,NA,NA,NA,NA,NA,NA,NA,NA,3075,1435.42676580869,2060,2567.5,3075,3582.5,4090,"▇▁▁▁▇",6150,1038.85135135135
"213","numeric","lab_Ddim_peak_Q1",13,0.133333333333333,NA,NA,NA,NA,NA,NA,NA,NA,NA,1700,763.675323681471,1160,1430,1700,1970,2240,"▇▁▁▁▇",3400,574.324324324324
"214","numeric","lab_Ddim_peak_Q3",13,0.133333333333333,NA,NA,NA,NA,NA,NA,NA,NA,NA,5507.25,4097.33024358545,2610,4058.625,5507.25,6955.875,8404.5,"▇▁▁▁▇",11014.5,1860.55743243243
"215","numeric","lab_fibrino_NS_n",10,0.333333333333333,NA,NA,NA,NA,NA,NA,NA,NA,NA,26.4,8.17312669668102,17,18,31,33,33,"▅▁▁▁▇",132,22.2972972972973
"216","numeric","lab_fibrino_NS_med",10,0.333333333333333,NA,NA,NA,NA,NA,NA,NA,NA,NA,655.2,92.1449944381137,551,596,627,736,766,"▃▇▁▁▇",3276,553.378378378378
"217","numeric","lab_fibrino_NS_Q1",10,0.333333333333333,NA,NA,NA,NA,NA,NA,NA,NA,NA,515.2,103.008252096616,386,455,496,619,620,"▃▃▃▁▇",2576,435.135135135135
"218","numeric","lab_fibrino_NS_Q3",10,0.333333333333333,NA,NA,NA,NA,NA,NA,NA,NA,NA,779.2,76.2213880744768,689,719,782,836,870,"▇▁▃▁▇",3896,658.108108108108
"219","numeric","lab_troponin_baseline_n",13,0.133333333333333,NA,NA,NA,NA,NA,NA,NA,NA,NA,26,12.7279220613579,17,21.5,26,30.5,35,"▇▁▁▁▇",52,8.78378378378378
"220","numeric","lab_troponin_baseline_med",13,0.133333333333333,NA,NA,NA,NA,NA,NA,NA,NA,NA,201.9,205.202387900336,56.8,129.35,201.9,274.45,347,"▇▁▁▁▇",403.8,68.2094594594595
"221","numeric","lab_troponin_baseline_Q1",14,0.0666666666666667,NA,NA,NA,NA,NA,NA,NA,NA,NA,182,NA,182,182,182,182,182,"▁▁▇▁▁",182,30.7432432432432
"222","numeric","lab_troponin_baseline_Q3",14,0.0666666666666667,NA,NA,NA,NA,NA,NA,NA,NA,NA,1267,NA,1267,1267,1267,1267,1267,"▁▁▇▁▁",1267,214.02027027027
"223","numeric","lab_troponin_peak_n",13,0.133333333333333,NA,NA,NA,NA,NA,NA,NA,NA,NA,15.5,0.707106781186548,15,15.25,15.5,15.75,16,"▇▁▁▁▇",31,5.23648648648649
"224","numeric","lab_troponin_peak_med",13,0.133333333333333,NA,NA,NA,NA,NA,NA,NA,NA,NA,402,8.48528137423857,396,399,402,405,408,"▇▁▁▁▇",804,135.810810810811
"225","numeric","lab_troponin_peak_Q1",13,0.133333333333333,NA,NA,NA,NA,NA,NA,NA,NA,NA,179,111.722871427475,100,139.5,179,218.5,258,"▇▁▁▁▇",358,60.472972972973
"226","numeric","lab_troponin_peak_Q3",13,0.133333333333333,NA,NA,NA,NA,NA,NA,NA,NA,NA,979.5,424.971175493115,679,829.25,979.5,1129.75,1280,"▇▁▁▁▇",1959,330.912162162162
"227","numeric","lab_troponin_NS_n",8,0.466666666666667,NA,NA,NA,NA,NA,NA,NA,NA,NA,28,17.5594229214212,7,15,33,34,58,"▅▂▇▁▂",196,33.1081081081081
"228","numeric","lab_troponin_NS_med",8,0.466666666666667,NA,NA,NA,NA,NA,NA,NA,NA,NA,84.1428571428571,88.7457577792287,31,42.5,47,72,282,"▇▁▁▁▁",589,99.4932432432432
"229","numeric","lab_troponin_NS_Q1",9,0.4,NA,NA,NA,NA,NA,NA,NA,NA,NA,24.3333333333333,17.96292478041,6,11,20.5,34.5,52,"▇▇▁▃▃",146,24.6621621621622
"230","numeric","lab_troponin_NS_Q3",9,0.4,NA,NA,NA,NA,NA,NA,NA,NA,NA,301.666666666667,363.251244549371,60,101,177.5,266.75,1023,"▇▂▁▁▂",1810,305.743243243243
"231","numeric","lab_NTproBNP_baseline_n",12,0.2,NA,NA,NA,NA,NA,NA,NA,NA,NA,12.6666666666667,6.65832811847939,5,10.5,16,16.5,17,"▃▁▁▁▇",38,6.41891891891892
"232","numeric","lab_NTproBNP_baseline_med",12,0.2,NA,NA,NA,NA,NA,NA,NA,NA,NA,20548.3333333333,19021.5104640334,4328,10080.5,15833,28658.5,41484,"▇▇▁▁▇",61645,10413.0067567568
"233","numeric","lab_NTproBNP_baseline_Q1",13,0.133333333333333,NA,NA,NA,NA,NA,NA,NA,NA,NA,18964,23825.2558852995,2117,10540.5,18964,27387.5,35811,"▇▁▁▁▇",37928,6406.75675675676
"234","numeric","lab_NTproBNP_baseline_Q3",13,0.133333333333333,NA,NA,NA,NA,NA,NA,NA,NA,NA,32922.5,27651.4106782999,13370,23146.25,32922.5,42698.75,52475,"▇▁▁▁▇",65845,11122.4662162162
"235","numeric","lab_NTproBNP_peak_n",13,0.133333333333333,NA,NA,NA,NA,NA,NA,NA,NA,NA,15.5,0.707106781186548,15,15.25,15.5,15.75,16,"▇▁▁▁▇",31,5.23648648648649
"236","numeric","lab_NTproBNP_peak_med",13,0.133333333333333,NA,NA,NA,NA,NA,NA,NA,NA,NA,19735,6696.30121783661,15000,17367.5,19735,22102.5,24470,"▇▁▁▁▇",39470,6667.22972972973
"237","numeric","lab_NTproBNP_peak_Q1",13,0.133333333333333,NA,NA,NA,NA,NA,NA,NA,NA,NA,13270.5,5574.12275609355,9329,11299.75,13270.5,15241.25,17212,"▇▁▁▁▇",26541,4483.27702702703
"238","numeric","lab_NTproBNP_peak_Q3",13,0.133333333333333,NA,NA,NA,NA,NA,NA,NA,NA,NA,20827.5,8241.32953472921,15000,17913.75,20827.5,23741.25,26655,"▇▁▁▁▇",41655,7036.31756756757
"239","numeric","lab_NTproBNP_NS_n",13,0.133333333333333,NA,NA,NA,NA,NA,NA,NA,NA,NA,45.5,17.6776695296637,33,39.25,45.5,51.75,58,"▇▁▁▁▇",91,15.3716216216216
"240","numeric","lab_NTproBNP_NS_med",13,0.133333333333333,NA,NA,NA,NA,NA,NA,NA,NA,NA,2056.5,1793.92990387027,788,1422.25,2056.5,2690.75,3325,"▇▁▁▁▇",4113,694.763513513514
"241","numeric","lab_NTproBNP_NS_Q1",13,0.133333333333333,NA,NA,NA,NA,NA,NA,NA,NA,NA,407,329.511760032931,174,290.5,407,523.5,640,"▇▁▁▁▇",814,137.5
"242","numeric","lab_NTproBNP_NS_Q3",13,0.133333333333333,NA,NA,NA,NA,NA,NA,NA,NA,NA,8662,2667.20677863566,6776,7719,8662,9605,10548,"▇▁▁▁▇",17324,2926.35135135135
"243","numeric","lab_BNP_baseline_n",13,0.133333333333333,NA,NA,NA,NA,NA,NA,NA,NA,NA,22,8.48528137423857,16,19,22,25,28,"▇▁▁▁▇",44,7.43243243243243
"244","numeric","lab_BNP_baseline_med",13,0.133333333333333,NA,NA,NA,NA,NA,NA,NA,NA,NA,3065.5,3786.55681325396,388,1726.75,3065.5,4404.25,5743,"▇▁▁▁▇",6131,1035.64189189189
"245","numeric","lab_BNP_baseline_Q1",13,0.133333333333333,NA,NA,NA,NA,NA,NA,NA,NA,NA,1361.5,1819.38574799299,75,718.25,1361.5,2004.75,2648,"▇▁▁▁▇",2723,459.966216216216
"246","numeric","lab_BNP_baseline_Q3",13,0.133333333333333,NA,NA,NA,NA,NA,NA,NA,NA,NA,6497.5,7653.016692782,1086,3791.75,6497.5,9203.25,11909,"▇▁▁▁▇",12995,2195.10135135135
"247","numeric","lab_BNP_peak_n",12,0.2,NA,NA,NA,NA,NA,NA,NA,NA,NA,51.6666666666667,66.1538610614175,11,13.5,16,72,128,"▇▁▁▁▃",155,26.1824324324324
"248","numeric","lab_BNP_peak_med",12,0.2,NA,NA,NA,NA,NA,NA,NA,NA,NA,2070.23333333333,1905.36688418093,760,977.35,1194.7,2725.35,4256,"▇▁▁▁▃",6210.7,1049.10472972973
"249","numeric","lab_BNP_peak_Q1",12,0.2,NA,NA,NA,NA,NA,NA,NA,NA,NA,1039.6,1126.18030527975,388,389.4,390.8,1365.4,2340,"▇▁▁▁▃",3118.8,526.824324324324
"250","numeric","lab_BNP_peak_Q3",12,0.2,NA,NA,NA,NA,NA,NA,NA,NA,NA,4256.66666666667,2583.17833943639,1434,3133.5,4833,5668,6503,"▇▁▁▇▇",12770,2157.09459459459
"251","numeric","lab_BNP_NS_n",11,0.266666666666667,NA,NA,NA,NA,NA,NA,NA,NA,NA,11.25,4.78713553878169,7,8.5,10,12.75,18,"▇▃▁▁▃",45,7.60135135135135
"252","numeric","lab_BNP_NS_med",11,0.266666666666667,NA,NA,NA,NA,NA,NA,NA,NA,NA,4262.5,2131.84341201068,2231,3073.25,3805,4994.25,7209,"▇▇▇▁▇",17050,2880.06756756757
"253","numeric","lab_BNP_NS_min",11,0.266666666666667,NA,NA,NA,NA,NA,NA,NA,NA,NA,2442.75,2411.82107890836,16,1252,2002,3192.75,5751,"▇▇▇▁▇",9771,1650.50675675676
"254","numeric","lab_BNP_NS_max",11,0.266666666666667,NA,NA,NA,NA,NA,NA,NA,NA,NA,8286.5,5441.63759052977,3287,5699,6921,9508.5,16017,"▃▇▁▁▃",33146,5598.98648648649
"255","numeric","lab_CRP_baseline_n",12,0.2,NA,NA,NA,NA,NA,NA,NA,NA,NA,33.3333333333333,11.5902257671425,21,28,35,39.5,44,"▇▁▁▇▇",100,16.8918918918919
"256","numeric","lab_CRP_baseline_med",12,0.2,NA,NA,NA,NA,NA,NA,NA,NA,NA,195.833333333333,47.3875862788276,146.5,173.25,200,220.5,241,"▇▁▇▁▇",587.5,99.2398648648649
"257","numeric","lab_CRP_baseline_Q1",14,0.0666666666666667,NA,NA,NA,NA,NA,NA,NA,NA,NA,150,NA,150,150,150,150,150,"▁▁▇▁▁",150,25.3378378378378
"258","numeric","lab_CRP_baseline_Q3",14,0.0666666666666667,NA,NA,NA,NA,NA,NA,NA,NA,NA,311,NA,311,311,311,311,311,"▁▁▇▁▁",311,52.5337837837838
"259","numeric","lab_CRP_peak_n",11,0.266666666666667,NA,NA,NA,NA,NA,NA,NA,NA,NA,66,71.670542530852,15,28.5,38.5,76,172,"▇▁▁▁▂",264,44.5945945945946
"260","numeric","lab_CRP_peak_med",11,0.266666666666667,NA,NA,NA,NA,NA,NA,NA,NA,NA,189.525,44.8006975392125,154,166.825,174.55,197.25,255,"▇▃▁▁▃",758.1,128.057432432432
"261","numeric","lab_CRP_peak_Q1",12,0.2,NA,NA,NA,NA,NA,NA,NA,NA,NA,146,30.3150127824482,128,128.5,129,155,181,"▇▁▁▁▃",438,73.9864864864865
"262","numeric","lab_CRP_peak_Q3",12,0.2,NA,NA,NA,NA,NA,NA,NA,NA,NA,266.666666666667,40.0541300409001,231,245,259,284.5,310,"▇▇▁▁▇",800,135.135135135135
"263","numeric","lab_CRP_NS_n",5,0.666666666666667,NA,NA,NA,NA,NA,NA,NA,NA,NA,29.4,14.953260514015,7,22.25,32,34.5,58,"▃▃▇▂▂",294,49.6621621621622
"264","numeric","lab_CRP_NS_med",5,0.666666666666667,NA,NA,NA,NA,NA,NA,NA,NA,NA,234.2,29.9584898002405,193,207,237,252.25,283,"▇▂▂▃▃",2342,395.608108108108
"265","numeric","lab_CRP_NS_Q1",6,0.6,NA,NA,NA,NA,NA,NA,NA,NA,NA,158.222222222222,25.6553005136257,113,156,160,180,185,"▅▁▅▅▇",1424,240.540540540541
"266","numeric","lab_CRP_NS_Q3",6,0.6,NA,NA,NA,NA,NA,NA,NA,NA,NA,299.888888888889,39.5867542381427,219,290,299,309,364,"▂▁▇▂▃",2699,455.912162162162
"267","numeric","lab_ESR_baseline_n",14,0.0666666666666667,NA,NA,NA,NA,NA,NA,NA,NA,NA,44,NA,44,44,44,44,44,"▁▁▇▁▁",44,7.43243243243243
"268","numeric","lab_ESR_baseline_med",14,0.0666666666666667,NA,NA,NA,NA,NA,NA,NA,NA,NA,59,NA,59,59,59,59,59,"▁▁▇▁▁",59,9.96621621621622
"269","numeric","lab_ESR_peak_n",12,0.2,NA,NA,NA,NA,NA,NA,NA,NA,NA,58.6666666666667,52.5579045751763,15,29.5,44,80.5,117,"▇▇▁▁▇",176,29.7297297297297
"270","numeric","lab_ESR_peak_med",12,0.2,NA,NA,NA,NA,NA,NA,NA,NA,NA,69.6666666666667,5.03322295684717,65,67,69,72,75,"▇▇▁▁▇",209,35.304054054054
"271","numeric","lab_ESR_peak_Q1",13,0.133333333333333,NA,NA,NA,NA,NA,NA,NA,NA,NA,43.5,2.12132034355964,42,42.75,43.5,44.25,45,"▇▁▁▁▇",87,14.6959459459459
"272","numeric","lab_ESR_peak_Q3",13,0.133333333333333,NA,NA,NA,NA,NA,NA,NA,NA,NA,90.5,0.707106781186548,90,90.25,90.5,90.75,91,"▇▁▁▁▇",181,30.5743243243243
"273","numeric","lab_ESR_NS_n",11,0.266666666666667,NA,NA,NA,NA,NA,NA,NA,NA,NA,21.25,8.22090830342568,14,17,19,23.25,33,"▃▇▁▁▃",85,14.3581081081081
"274","numeric","lab_ESR_NS_med",11,0.266666666666667,NA,NA,NA,NA,NA,NA,NA,NA,NA,57.75,5.1720402163943,53,54.875,56.5,59.375,65,"▃▇▁▁▃",231,39.0202702702703
"275","numeric","lab_ESR_NS_Q1",11,0.266666666666667,NA,NA,NA,NA,NA,NA,NA,NA,NA,42.8,13.024080261833,28.2,35.55,42,49.25,59,"▇▇▇▁▇",171.2,28.9189189189189
"276","numeric","lab_ESR_NS_Q3",11,0.266666666666667,NA,NA,NA,NA,NA,NA,NA,NA,NA,78.175,6.89849017297747,72,74.625,76.35,79.9,88,"▃▇▁▁▃",312.7,52.8209459459459
"277","numeric","lab_PCT_baseline_n",13,0.133333333333333,NA,NA,NA,NA,NA,NA,NA,NA,NA,23.5,3.53553390593274,21,22.25,23.5,24.75,26,"▇▁▁▁▇",47,7.93918918918919
"278","numeric","lab_PCT_baseline_med",13,0.133333333333333,NA,NA,NA,NA,NA,NA,NA,NA,NA,28.85,10.1116269709676,21.7,25.275,28.85,32.425,36,"▇▁▁▁▇",57.7,9.74662162162162
"279","numeric","lab_PCT_baseline_Q1",14,0.0666666666666667,NA,NA,NA,NA,NA,NA,NA,NA,NA,8,NA,8,8,8,8,8,"▁▁▇▁▁",8,1.35135135135135
"280","numeric","lab_PCT_baseline_Q3",14,0.0666666666666667,NA,NA,NA,NA,NA,NA,NA,NA,NA,99,NA,99,99,99,99,99,"▁▁▇▁▁",99,16.722972972973
"281","numeric","lab_PCT_peak_n",14,0.0666666666666667,NA,NA,NA,NA,NA,NA,NA,NA,NA,33,NA,33,33,33,33,33,"▁▁▇▁▁",33,5.57432432432432
"282","numeric","lab_PCT_peak_med",14,0.0666666666666667,NA,NA,NA,NA,NA,NA,NA,NA,NA,6,NA,6,6,6,6,6,"▁▁▇▁▁",6,1.01351351351351
"283","numeric","lab_PCT_peak_Q1",14,0.0666666666666667,NA,NA,NA,NA,NA,NA,NA,NA,NA,2.7,NA,2.7,2.7,2.7,2.7,2.7,"▁▁▇▁▁",2.7,0.456081081081081
"284","numeric","lab_PCT_peak_Q3",14,0.0666666666666667,NA,NA,NA,NA,NA,NA,NA,NA,NA,16.5,NA,16.5,16.5,16.5,16.5,16.5,"▁▁▇▁▁",16.5,2.78716216216216
"285","numeric","lab_PCT_NS_n",9,0.4,NA,NA,NA,NA,NA,NA,NA,NA,NA,25.3333333333333,7.28468713581213,16,20.25,25,32,33,"▃▇▁▃▇",152,25.6756756756757
"286","numeric","lab_PCT_NS_med",9,0.4,NA,NA,NA,NA,NA,NA,NA,NA,NA,10.0083333333333,7.09650735690922,2.7,5.575,8.7,11.8625,22.5,"▇▁▅▁▂",60.05,10.1435810810811
"287","numeric","lab_PCT_NS_Q1",10,0.333333333333333,NA,NA,NA,NA,NA,NA,NA,NA,NA,2.334,1.46621280856498,0.4,1.8,2.2,2.87,4.4,"▇▇▇▇▇",11.67,1.97128378378378
"288","numeric","lab_PCT_NS_Q3",10,0.333333333333333,NA,NA,NA,NA,NA,NA,NA,NA,NA,20.152,4.4245361338789,15.8,16.7,18.5,24.8,24.96,"▇▃▁▁▇",100.76,17.0202702702703
"289","numeric","lab_IL6_baseline_n",11,0.266666666666667,NA,NA,NA,NA,NA,NA,NA,NA,NA,19.5,7.89514618821801,13,16,17,20.5,31,"▃▇▁▁▃",78,13.1756756756757
"290","numeric","lab_IL6_baseline_med",11,0.266666666666667,NA,NA,NA,NA,NA,NA,NA,NA,NA,187.625,43.0997583133208,135,161.25,194.6,220.975,226.3,"▃▃▁▁▇",750.5,126.773648648649
"291","numeric","lab_IL6_baseline_Q1",14,0.0666666666666667,NA,NA,NA,NA,NA,NA,NA,NA,NA,87,NA,87,87,87,87,87,"▁▁▇▁▁",87,14.6959459459459
"292","numeric","lab_IL6_baseline_Q3",14,0.0666666666666667,NA,NA,NA,NA,NA,NA,NA,NA,NA,175,NA,175,175,175,175,175,"▁▁▇▁▁",175,29.5608108108108
"293","numeric","lab_IL6_NS_n",11,0.266666666666667,NA,NA,NA,NA,NA,NA,NA,NA,NA,16.75,11.842719282327,7,8.5,13.5,21.75,33,"▇▁▃▁▃",67,11.3175675675676
"294","numeric","lab_IL6_NS_med",11,0.266666666666667,NA,NA,NA,NA,NA,NA,NA,NA,NA,151.5,66.1740130262628,80,103.25,155.5,203.75,215,"▃▃▁▁▇",606,102.364864864865
"295","numeric","lab_IL6_NS_Q1",11,0.266666666666667,NA,NA,NA,NA,NA,NA,NA,NA,NA,43.7,24.9544919136148,7.7,37.175,51.7,58.225,63.7,"▃▁▁▃▇",174.8,29.527027027027
"296","numeric","lab_IL6_NS_Q3",11,0.266666666666667,NA,NA,NA,NA,NA,NA,NA,NA,NA,308.1,18.8017729660441,286,297.55,308.2,318.75,330,"▇▇▁▇▇",1232.4,208.175675675676
"297","numeric","lab_IL1_NS_n",14,0.0666666666666667,NA,NA,NA,NA,NA,NA,NA,NA,NA,33,NA,33,33,33,33,33,"▁▁▇▁▁",33,5.57432432432432
"298","numeric","lab_IL1_NS_med",14,0.0666666666666667,NA,NA,NA,NA,NA,NA,NA,NA,NA,0.8,NA,0.8,0.8,0.8,0.8,0.8,"▁▁▇▁▁",0.8,0.135135135135135
"299","numeric","lab_IL1_NS_Q1",14,0.0666666666666667,NA,NA,NA,NA,NA,NA,NA,NA,NA,0.4,NA,0.4,0.4,0.4,0.4,0.4,"▁▁▇▁▁",0.4,0.0675675675675676
"300","numeric","lab_IL1_NS_Q3",14,0.0666666666666667,NA,NA,NA,NA,NA,NA,NA,NA,NA,1.2,NA,1.2,1.2,1.2,1.2,1.2,"▁▁▇▁▁",1.2,0.202702702702703
"301","numeric","lab_IL8_NS_n",14,0.0666666666666667,NA,NA,NA,NA,NA,NA,NA,NA,NA,33,NA,33,33,33,33,33,"▁▁▇▁▁",33,5.57432432432432
"302","numeric","lab_IL8_NS_med",14,0.0666666666666667,NA,NA,NA,NA,NA,NA,NA,NA,NA,41.7,NA,41.7,41.7,41.7,41.7,41.7,"▁▁▇▁▁",41.7,7.04391891891892
"303","numeric","lab_IL8_NS_Q1",14,0.0666666666666667,NA,NA,NA,NA,NA,NA,NA,NA,NA,25.1,NA,25.1,25.1,25.1,25.1,25.1,"▁▁▇▁▁",25.1,4.23986486486486
"304","numeric","lab_IL8_NS_Q3",14,0.0666666666666667,NA,NA,NA,NA,NA,NA,NA,NA,NA,54.4,NA,54.4,54.4,54.4,54.4,54.4,"▁▁▇▁▁",54.4,9.18918918918919
"305","numeric","admis_days_hosp_med",9,0.4,NA,NA,NA,NA,NA,NA,NA,NA,NA,7.98333333333333,2.75130272174231,4,7.025,7.45,9.45,12,"▃▇▃▃▃",47.9,8.09121621621622
"306","numeric","admis_days_hosp_Q1",9,0.4,NA,NA,NA,NA,NA,NA,NA,NA,NA,5.66666666666667,2.42212028327799,3,4,5,7.5,9,"▇▁▂▁▅",34,5.74324324324324
"307","numeric","admis_days_hosp_Q3",9,0.4,NA,NA,NA,NA,NA,NA,NA,NA,NA,12.1833333333333,3.58910388072938,8,10.025,11.55,13.75,18,"▇▃▇▁▃",73.1,12.347972972973
"308","numeric","admis_days_ICU_n",3,0.8,NA,NA,NA,NA,NA,NA,NA,NA,NA,32.8333333333333,37.5204994474738,7,16.5,23,33.5,148,"▇▁▁▁▁",394,66.5540540540541
"309","numeric","admis_days_ICU_med",7,0.533333333333333,NA,NA,NA,NA,NA,NA,NA,NA,NA,5.7,1.02678416148951,4,4.925,6,6.425,7,"▂▅▁▇▅",45.6,7.7027027027027
"310","numeric","admis_days_ICU_min",14,0.0666666666666667,NA,NA,NA,NA,NA,NA,NA,NA,NA,3,NA,3,3,3,3,3,"▁▁▇▁▁",3,0.506756756756757
"311","numeric","admis_days_ICU_Q1",9,0.4,NA,NA,NA,NA,NA,NA,NA,NA,NA,3.95,1.10227038425243,3,3.175,3.85,4,6,"▅▇▁▁▂",23.7,4.00337837837838
"312","numeric","admis_days_ICU_Q3",9,0.4,NA,NA,NA,NA,NA,NA,NA,NA,NA,8.5,1.97484176581315,5,8,9,10,10,"▂▁▅▁▇",51,8.61486486486486
"313","numeric","admis_days_ICU_max",14,0.0666666666666667,NA,NA,NA,NA,NA,NA,NA,NA,NA,12,NA,12,12,12,12,12,"▁▁▇▁▁",12,2.02702702702703
"314","numeric","critcare_NIV_n",7,0.533333333333333,NA,NA,NA,NA,NA,NA,NA,NA,NA,6.625,5.01248441394086,0,2.75,6,11.25,13,"▅▅▁▂▇",53,8.9527027027027
"315","numeric","critcare_MV_n",0,1,NA,NA,NA,NA,NA,NA,NA,NA,NA,8.66666666666667,10.8144524111201,0,2.5,4,9,37,"▇▁▁▁▁",130,21.9594594594595
"316","numeric","critcare_MV_med",13,0.133333333333333,NA,NA,NA,NA,NA,NA,NA,NA,NA,3,0,3,3,3,3,3,"▁▁▇▁▁",6,1.01351351351351
"317","numeric","critcare_MV_min",15,0,NA,NA,NA,NA,NA,NA,NA,NA,NA,NA,NA,NA,NA,NA,NA,NA," ",0,0
"318","numeric","critcare_MV_max",15,0,NA,NA,NA,NA,NA,NA,NA,NA,NA,NA,NA,NA,NA,NA,NA,NA," ",0,0
"319","numeric","critcare_inotrop_n",1,0.933333333333333,NA,NA,NA,NA,NA,NA,NA,NA,NA,21.5714285714286,21.6038254650716,0,10,17,26.5,90,"▇▅▁▁▁",302,51.0135135135135
"320","numeric","critcare_inotrop_med",12,0.2,NA,NA,NA,NA,NA,NA,NA,NA,NA,3,0,3,3,3,3,3,"▁▁▇▁▁",9,1.52027027027027
"321","numeric","critcare_inotrop_Q1",12,0.2,NA,NA,NA,NA,NA,NA,NA,NA,NA,2.33333333333333,0.577350269189626,2,2,2,2.5,3,"▇▁▁▁▃",7,1.18243243243243
"322","numeric","critcare_inotrop_Q3",12,0.2,NA,NA,NA,NA,NA,NA,NA,NA,NA,4.5,1.5,3,3.75,4.5,5.25,6,"▇▁▇▁▇",13.5,2.28040540540541
"323","numeric","critcare_ECMO_n",5,0.666666666666667,NA,NA,NA,NA,NA,NA,NA,NA,NA,2.8,3.4253953543107,0,1,1.5,2.75,10,"▇▁▁▁▁",28,4.72972972972973
"324","numeric","critcare_ECMO_med",14,0.0666666666666667,NA,NA,NA,NA,NA,NA,NA,NA,NA,4.5,NA,4.5,4.5,4.5,4.5,4.5,"▁▁▇▁▁",4.5,0.760135135135135
"325","numeric","critcare_ECMO_Q1",14,0.0666666666666667,NA,NA,NA,NA,NA,NA,NA,NA,NA,3,NA,3,3,3,3,3,"▁▁▇▁▁",3,0.506756756756757
"326","numeric","critcare_ECMO_Q3",14,0.0666666666666667,NA,NA,NA,NA,NA,NA,NA,NA,NA,6,NA,6,6,6,6,6,"▁▁▇▁▁",6,1.01351351351351
"327","numeric","critcare_RRT_n",12,0.2,NA,NA,NA,NA,NA,NA,NA,NA,NA,2.33333333333333,3.21455025366432,0,0.5,1,3.5,6,"▇▁▁▁▃",7,1.18243243243243
"328","numeric","rx_cortic_n",1,0.933333333333333,NA,NA,NA,NA,NA,NA,NA,NA,NA,22.7142857142857,23.0865547665521,1,10.5,16.5,28.25,91,"▇▂▁▁▁",318,53.7162162162162
"329","numeric","rx_aspirin_low_n",10,0.333333333333333,NA,NA,NA,NA,NA,NA,NA,NA,NA,9,7.3143694191639,4,4,5,11,21,"▇▁▂▁▂",45,7.60135135135135
"330","numeric","rx_aspirin_high_n",12,0.2,NA,NA,NA,NA,NA,NA,NA,NA,NA,2.66666666666667,0.577350269189626,2,2.5,3,3,3,"▃▁▁▁▇",8,1.35135135135135
"331","numeric","rx_aspirin_NS",14,0.0666666666666667,NA,NA,NA,NA,NA,NA,NA,NA,NA,29,NA,29,29,29,29,29,"▁▁▇▁▁",29,4.89864864864865
"332","numeric","rx_heparin_n",9,0.4,NA,NA,NA,NA,NA,NA,NA,NA,NA,28,30.9838667696593,0,11.75,18.5,30.5,87,"▇▅▁▁▂",168,28.3783783783784
"333","numeric","rx_IVIg_once_n",1,0.933333333333333,NA,NA,NA,NA,NA,NA,NA,NA,NA,30.3571428571429,34.437473200564,7,13,23,32.25,144,"▇▂▁▁▁",425,71.7905405405405
"334","numeric","rx_IVIg_multip_n",8,0.466666666666667,NA,NA,NA,NA,NA,NA,NA,NA,NA,9,13.6747943311773,1,1.5,4,8,39,"▇▂▁▁▂",63,10.6418918918919
"335","numeric","rx_anakinra_n",8,0.466666666666667,NA,NA,NA,NA,NA,NA,NA,NA,NA,6.71428571428571,7.91021039994693,1,3,4,6,24,"▇▂▁▁▂",47,7.93918918918919
"336","numeric","rx_infliximab_n",12,0.2,NA,NA,NA,NA,NA,NA,NA,NA,NA,3,4.35889894354067,0,0.5,1,4.5,8,"▇▁▁▁▃",9,1.52027027027027
"337","numeric","rx_tocilizumab_n",10,0.333333333333333,NA,NA,NA,NA,NA,NA,NA,NA,NA,6.2,6.30079360080935,1,1,3,12,14,"▇▁▁▁▅",31,5.23648648648649
"338","numeric","rx_antibiotics_n",12,0.2,NA,NA,NA,NA,NA,NA,NA,NA,NA,20.6666666666667,7.37111479583199,15,16.5,18,23.5,29,"▇▇▁▁▇",62,10.472972972973
"339","numeric","rx_plasma_n",14,0.0666666666666667,NA,NA,NA,NA,NA,NA,NA,NA,NA,1,NA,1,1,1,1,1,"▁▁▇▁▁",1,0.168918918918919
"340","numeric","rx_remdesivir_n",14,0.0666666666666667,NA,NA,NA,NA,NA,NA,NA,NA,NA,7,NA,7,7,7,7,7,"▁▁▇▁▁",7,1.18243243243243
"341","numeric","outcome_death_n",0,1,NA,NA,NA,NA,NA,NA,NA,NA,NA,0.6,1.0555973258235,0,0,0,1,4,"▇▅▁▁▁",9,1.52027027027027
"342","numeric","outcome_LVdysfunc_n",8,0.466666666666667,NA,NA,NA,NA,NA,NA,NA,NA,NA,2.85714285714286,3.13201593379149,0,1,2,3.5,9,"▇▅▂▁▂",20,3.37837837837838
