"","doi","date_of_publication","country","first_author","journal","cohort_id","cohort_type","prim_input","cross_check","tot_cases_n","notes","sex_m","sex_f","age_med_yrs","age_Q1_yrs","age_Q3_yrs","age_min_yrs","age_max_yrs","age_n_under1","age_n_1to4","age_n_1to5","age_n_5to9","age_n_6to10","age_n_10to14","age_n_11to16","age_n_0to5","age_n_6to12","age_n_13to20","age_n_15to20","race_n_white","race_n_black","race_n_asian","race_n_other","race_n_unknown","ethn_n_hisp","eth_n_nonhisp","weight_med_kg","bmi_med","bmi_Q1","bmi_Q3","n_overweight","comorb_n_cardiovasc","comorb_n_resp","comorb_n_astma","comorb_n_chronlungdz","comorb_n_diabetes_mell","comorb_n_renaldz","comorb_n_malign","comorb_n_immunodef","comorb_n_NS","comorb_n_lupus","comorb_n_neurodis","comorb_n_sickle","comorb_n_alopecia","comorb_n_hypothyroid","comorb_n_neurolog","comorb_n_rheum","covid_n_closecontact","covid_n_PCR_pos","covid_n_PCR_neg","covid_n_PCR_stool_pos","covid_n_PCR_stool_neg","covid_n_sero_pos","covid_n_sero_neg","covid_n_sero_any","covid_n_IgA_pos","covid_n_IgA_neg","covid_n_IgM_pos","covid_n_IgM_neg","covid_n_IgG_pos","covid_n_IgG_neg","symp_fever_n","symp_fever_days_min","symp_fever_days_med","symp_fever_days_max","symp_fever_days_Q1","symp_fever_days_Q3","symp_resp_any_n","symp_resp_URT_n","symp_resp_dyspnea_n","symp_resp_pneumonia_n","symp_resp_chestpain_n","symp_resp_failure_n","symp_GI_any_n","symp_GI_abdopain_n","symp_GI_vomiting_n","symp_GI_diarrh_n","symp_GI_colitis_n","symp_neuro_any_n","symp_neuro_encefalo_n","symp_neuro_asthenia_n","symp_neuro_headache_n","symp_neuro_irritab_n","symp_dermato_any_n","symp_renal_any_n","symp_renal_AKI_n","symp_cardiovasc_any_n","symp_cardiovasc_myocard_n","symp_cardiovasc_pericard_n","symp_cardiovasc_cordilat_n","symp_cardiovasc_aneurysm_n","symp_cardiovasc_LV_less30_n","symp_cardiovasc_LV_30to55_n","symp_cardiovasc_LVEF_med","symp_cardiovasc_LVEF_Q1","symp_cardiovasc_LVEF_Q3","symp_cardiovasc_LVEF_min","symp_cardiovasc_LVEF_max","symp_cardiovasc_shock_n","symp_cardiovasc_tachycard_n","symp_cardiovasc_arrhyt_n","symp_cardiovasc_thrombo_n","kawasaki_complete_n","kawasaki_incomplete_n","kawasaki_comp_or_incomp_n","kawasaki_fever_n","kawasaki_exanthema_n","kawasaki_mouth_n","kawasaki_extremity_n","kawasaki_cervical_n","kawasaki_conjunctivitis_n","symp_effusion_n","symp_arthritis_n","symp_mas","lab_Hb_NS_n","lab_Hb_NS_med","lab_Hb_NS_Q1","lab_Hb_NS_Q3","lab_Hb_baseline_n","lab_Hb_baseline_med","lab_WBC_NS_n","lab_WBC_NS_med","lab_WBC_NS_Q1","lab_WBC_NS_Q3","lab_WBC_baseline_n","lab_WBC_baseline_med","lab_neutro_NS_n","lab_neutro_NS_med","lab_neutro_NS_Q1","lab_neutro_NS_Q3","lab_lympho_NS_n","lab_lympho_NS_med","lab_lympho_NS_Q1","lab_lympho_NS_Q3","lab_lympho_baseline_n","lab_lympho_baseline_med","lab_platelet_NS_n","lab_platelet_NS_med","lab_platelet_NS_Q1","lab_platelet_NS_Q3","lab_platelet_baseline_n","lab_platelet_baseline_med","lab_platelet_lowest_n","lab_platelet_lowest_med","lab_platelet_lowest_Q1","lab_platelet_lowest_Q3","lab_sodium_NS_n","lab_sodium_NS_med","lab_sodium_NS_Q1","lab_sodium_NS_Q3","lab_sodium_baseline_n","lab_sodium_baseline_med","lab_ferritin_NS_n","lab_ferritin_NS_med","lab_ferritin_NS_Q1","lab_ferritin_NS_Q3","lab_ferritin_baseline_n","lab_ferritin_baseline_med","lab_ferritin_baseline_Q1","lab_ferritin_baseline_Q3","lab_ferritin_peak_n","lab_ferritin_peak_med","lab_ferritin_peak_Q1","lab_ferritin_peak_Q3","lab_ALT_NS_n","lab_ALT_NS_median","lab_ALT_NS_Q1","lab_ALT_NS_Q3","lab_ALT_baseline_n","lab_ALT_baseline_med","lab_AST_NS_n","lab_AST_NS_med","lab_AST_NS_Q1","lab_AST_NS_Q3","lab_AST_baseline_n","lab_AST_baseline_med","lab_albumin_NS_n","lab_albumin_NS_med","lab_albumin_NS_Q1","lab_albumin_NS_Q3","lab_albumin_low_n","lab_albumin_low_med","lab_albumin_low_Q1","lab_albumin_low_Q3","lab_LDH_baseline_n","lab_LDH_baseline_med","lab_LDH_baseline_Q1","lab_LDH_baseline_Q3","lab_LDH_NS_n","lab_LDH_NS_med","lab_LDH_NS_Q1","lab_LDH_NS_Q3","lab_CK_baseline_n","lab_CK_baseline_med","lab_CK_baseline_Q1","lab_CK_baseline_Q3","lab_CK_peak_n","lab_CK_peak_med","lab_CK_peak_Q1","lab_CK_peak_Q3","lab_Ddim_baseline_n","lab_Ddim_baseline_med","lab_Ddim_baseline_Q1","lab_Ddim_baseline_Q3","lab_Ddim_NS_n","lab_Ddim_NS_med","lab_Ddim_NS_Q1","lab_Ddim_NS_Q3","lab_Ddim_peak_n","lab_Ddim_peak_med","lab_Ddim_peak_Q1","lab_Ddim_peak_Q3","lab_fibrino_NS_n","lab_fibrino_NS_med","lab_fibrino_NS_Q1","lab_fibrino_NS_Q3","lab_troponin_baseline_n","lab_troponin_baseline_med","lab_troponin_baseline_Q1","lab_troponin_baseline_Q3","lab_troponin_peak_n","lab_troponin_peak_med","lab_troponin_peak_Q1","lab_troponin_peak_Q3","lab_troponin_NS_n","lab_troponin_NS_med","lab_troponin_NS_Q1","lab_troponin_NS_Q3","lab_NTproBNP_baseline_n","lab_NTproBNP_baseline_med","lab_NTproBNP_baseline_Q1","lab_NTproBNP_baseline_Q3","lab_NTproBNP_peak_n","lab_NTproBNP_peak_med","lab_NTproBNP_peak_Q1","lab_NTproBNP_peak_Q3","lab_NTproBNP_NS_n","lab_NTproBNP_NS_med","lab_NTproBNP_NS_Q1","lab_NTproBNP_NS_Q3","lab_BNP_baseline_n","lab_BNP_baseline_med","lab_BNP_baseline_Q1","lab_BNP_baseline_Q3","lab_BNP_peak_n","lab_BNP_peak_med","lab_BNP_peak_Q1","lab_BNP_peak_Q3","lab_BNP_NS_n","lab_BNP_NS_med","lab_BNP_NS_min","lab_BNP_NS_max","lab_CRP_baseline_n","lab_CRP_baseline_med","lab_CRP_baseline_Q1","lab_CRP_baseline_Q3","lab_CRP_peak_n","lab_CRP_peak_med","lab_CRP_peak_Q1","lab_CRP_peak_Q3","lab_CRP_NS_n","lab_CRP_NS_med","lab_CRP_NS_Q1","lab_CRP_NS_Q3","lab_ESR_baseline_n","lab_ESR_baseline_med","lab_ESR_peak_n","lab_ESR_peak_med","lab_ESR_peak_Q1","lab_ESR_peak_Q3","lab_ESR_NS_n","lab_ESR_NS_med","lab_ESR_NS_Q1","lab_ESR_NS_Q3","lab_PCT_baseline_n","lab_PCT_baseline_med","lab_PCT_baseline_Q1","lab_PCT_baseline_Q3","lab_PCT_peak_n","lab_PCT_peak_med","lab_PCT_peak_Q1","lab_PCT_peak_Q3","lab_PCT_NS_n","lab_PCT_NS_med","lab_PCT_NS_Q1","lab_PCT_NS_Q3","lab_IL6_baseline_n","lab_IL6_baseline_med","lab_IL6_baseline_Q1","lab_IL6_baseline_Q3","lab_IL6_NS_n","lab_IL6_NS_med","lab_IL6_NS_Q1","lab_IL6_NS_Q3","lab_IL1_NS_n","lab_IL1_NS_med","lab_IL1_NS_Q1","lab_IL1_NS_Q3","lab_IL8_NS_n","lab_IL8_NS_med","lab_IL8_NS_Q1","lab_IL8_NS_Q3","admis_days_hosp_med","admis_days_hosp_Q1","admis_days_hosp_Q3","admis_days_ICU_n","admis_days_ICU_med","admis_days_ICU_min","admis_days_ICU_Q1","admis_days_ICU_Q3","admis_days_ICU_max","critcare_NIV_n","critcare_MV_n","critcare_MV_med","critcare_MV_min","critcare_MV_max","critcare_inotrop_n","critcare_inotrop_med","critcare_inotrop_Q1","critcare_inotrop_Q3","critcare_ECMO_n","critcare_ECMO_med","critcare_ECMO_Q1","critcare_ECMO_Q3","critcare_RRT_n","rx_cortic_n","rx_aspirin_low_n","rx_aspirin_high_n","rx_aspirin_NS","rx_heparin_n","rx_IVIg_once_n","rx_IVIg_multip_n","rx_anakinra_n","rx_infliximab_n","rx_tocilizumab_n","rx_antibiotics_n","rx_plasma_n","rx_remdesivir_n","outcome_death_n","outcome_LVdysfunc_n"
"1","https://doi.org/10.1161/circulationaha.120.048360",2020-05-17,"France","Belhadjer Z. et al","Circulation","Belhadjer","MIS-C","LH","RVP",35,NA,18,17,10,NA,NA,NA,NA,0,NA,1,NA,15,NA,19,NA,NA,NA,NA,NA,NA,NA,NA,NA,NA,NA,NA,NA,NA,NA,6,0,NA,3,NA,NA,NA,NA,NA,NA,1,NA,NA,NA,NA,NA,NA,13,12,23,2,33,NA,5,30,25,10,2,33,28,7,35,NA,NA,NA,NA,NA,23,15,23,NA,6,NA,29,NA,NA,NA,NA,11,NA,35,NA,NA,NA,NA,NA,NA,NA,3,6,0,10,25,NA,NA,NA,NA,NA,28,NA,1,0,0,NA,NA,35,20,19,NA,21,31,NA,NA,NA,NA,NA,NA,NA,NA,NA,35,16000,12000,23000,NA,NA,34,13000,8000,19000,NA,NA,NA,NA,NA,NA,NA,NA,NA,NA,NA,NA,NA,NA,NA,NA,NA,NA,NA,NA,NA,NA,NA,NA,NA,NA,NA,NA,NA,NA,NA,NA,NA,NA,NA,NA,NA,NA,NA,NA,NA,NA,NA,NA,NA,NA,NA,NA,NA,NA,NA,NA,NA,NA,19,147,110,510,NA,NA,NA,NA,19,147,110,510,NA,NA,NA,NA,20,5284,4069,9095,NA,NA,NA,NA,NA,NA,NA,NA,NA,NA,NA,NA,35,347,182,1267,16,408,258,679,NA,NA,NA,NA,5,41484,35811,52475,NA,NA,NA,NA,NA,NA,NA,NA,28,5743,2648,11909,11,4256,2340,6503,11,4256,2340,6503,35,241,150,311,NA,NA,NA,NA,NA,NA,NA,NA,NA,NA,NA,NA,NA,NA,NA,NA,NA,NA,26,36,8,99,NA,NA,NA,NA,NA,NA,NA,NA,13,135,87,175,NA,NA,NA,NA,NA,NA,NA,NA,NA,NA,NA,NA,10,8,14,35,7,NA,3.7,10,NA,11,22,NA,NA,NA,28,NA,3,6,10,4.5,3,6,NA,12,NA,NA,NA,23,25,1,3,NA,NA,NA,NA,NA,0,5
"2","https://doi:10.1001/jama.2020.10369",2020-06-08,"United Kingdom","Whittaker E. et al","JAMA","Whittaker","MIS-C","LH","RVP",58,NA,38,20,9,5.7,14,NA,NA,NA,NA,NA,NA,NA,NA,NA,NA,NA,NA,NA,12,22,18,6,NA,NA,NA,NA,NA,NA,NA,NA,NA,NA,3,NA,NA,NA,NA,NA,NA,NA,1,1,1,NA,NA,NA,NA,15,43,NA,NA,NA,NA,NA,NA,NA,NA,NA,40,6,58,3,NA,19,NA,NA,12,6,NA,NA,NA,NA,NA,31,26,30,NA,NA,NA,NA,15,NA,NA,NA,13,NA,NA,NA,8,8,NA,NA,NA,NA,NA,NA,NA,29,NA,4,NA,7,NA,NA,NA,30,17,9,9,26,NA,NA,NA,58,9.2,8.3,10.3,NA,NA,58,17000,12000,22000,NA,NA,58,13000,10000,19000,58,800,500,1500,NA,NA,58,151000,104000,210000,NA,NA,NA,NA,NA,NA,NA,NA,NA,NA,NA,NA,58,610,359,1280,NA,NA,NA,NA,NA,NA,NA,NA,58,42,26,95,NA,NA,NA,NA,NA,NA,NA,NA,58,24,21,27,NA,NA,NA,NA,NA,NA,NA,NA,NA,NA,NA,NA,NA,NA,NA,NA,NA,NA,NA,NA,NA,NA,NA,NA,58,3578,2085,8235,NA,NA,NA,NA,NA,NA,NA,NA,NA,NA,NA,NA,NA,NA,NA,NA,58,45,8,294,NA,NA,NA,NA,NA,NA,NA,NA,58,788,174,10548,NA,NA,NA,NA,NA,NA,NA,NA,NA,NA,NA,NA,NA,NA,NA,NA,NA,NA,NA,NA,58,229,156,338,NA,NA,NA,NA,NA,NA,NA,NA,NA,NA,NA,NA,NA,NA,NA,NA,NA,NA,NA,NA,NA,NA,NA,NA,NA,NA,NA,NA,NA,NA,NA,NA,NA,NA,NA,NA,NA,NA,NA,NA,NA,NA,NA,NA,NA,NA,NA,NA,25,NA,NA,NA,27,NA,NA,NA,3,NA,NA,NA,NA,37,NA,NA,NA,NA,41,NA,3,8,NA,NA,NA,NA,1,NA
"3","https://doi.org/10.1053/j.gastro.2020.05.079",2020-05-30,"US","Miller J. et al.","Gastroenterology","Miller","MIS-C","LH","RVP",44,NA,20,24,7.3,NA,NA,0.6,20,NA,NA,NA,NA,NA,NA,NA,NA,NA,NA,NA,9,9,NA,26,NA,NA,NA,NA,17.43,NA,NA,16,NA,NA,NA,NA,NA,NA,NA,NA,NA,NA,NA,NA,NA,NA,NA,NA,NA,15,25,0,12,31,0,NA,NA,NA,NA,NA,NA,NA,44,NA,NA,NA,NA,NA,11,NA,NA,NA,NA,NA,37,33,25,18,3,13,NA,NA,NA,NA,NA,NA,7,22,NA,NA,NA,NA,NA,NA,NA,NA,NA,NA,NA,22,NA,NA,NA,NA,NA,NA,NA,31,23,NA,NA,23,NA,NA,NA,44,11.2,NA,NA,NA,NA,44,9680,NA,NA,NA,NA,NA,NA,NA,NA,NA,NA,NA,NA,NA,NA,44,200000,NA,NA,NA,NA,NA,NA,NA,NA,NA,NA,NA,NA,NA,NA,NA,NA,NA,NA,NA,NA,NA,NA,NA,NA,NA,NA,44,24.5,NA,NA,NA,NA,44,31,NA,NA,NA,NA,44,37,NA,NA,NA,NA,NA,NA,NA,NA,NA,NA,NA,NA,NA,NA,NA,NA,NA,NA,NA,NA,NA,NA,NA,NA,NA,NA,NA,NA,NA,NA,NA,NA,NA,NA,NA,NA,NA,NA,NA,NA,NA,NA,NA,NA,NA,NA,NA,NA,NA,NA,NA,NA,NA,NA,NA,NA,NA,NA,NA,NA,NA,NA,NA,NA,NA,NA,NA,NA,NA,NA,NA,NA,NA,NA,44,146.5,NA,NA,44,171.1,NA,NA,NA,NA,NA,NA,44,59,44,69,NA,NA,NA,NA,NA,NA,NA,NA,NA,NA,NA,NA,NA,NA,NA,NA,NA,NA,31,219.2,NA,NA,NA,NA,NA,NA,NA,NA,NA,NA,NA,NA,NA,NA,NA,NA,NA,NA,NA,NA,NA,NA,NA,NA,1,NA,NA,NA,NA,NA,NA,NA,NA,NA,NA,NA,1,42,NA,NA,NA,NA,36,NA,8,NA,NA,NA,NA,NA,0,NA
"4","https://doi.org/10.1136/bmj.m2094",2020-06-03,"France","Toubiana J. et al.","BMJ","Toubiana","MIS-C","LH","RVP",21,NA,9,12,7.9,NA,NA,3.7,16.6,NA,NA,NA,NA,NA,NA,NA,NA,NA,NA,NA,12,24,4,2,NA,NA,NA,NA,NA,NA,NA,NA,NA,NA,NA,NA,NA,NA,NA,NA,NA,NA,NA,NA,NA,NA,NA,NA,10,8,13,NA,NA,NA,NA,NA,NA,NA,NA,NA,19,1,NA,NA,NA,NA,NA,NA,NA,NA,NA,NA,NA,NA,21,NA,20,20,NA,NA,NA,NA,NA,12,NA,NA,NA,NA,16,10,5,0,0,NA,42,NA,NA,10,57,NA,NA,NA,NA,11,10,NA,NA,16,16,10,12,17,12,NA,NA,21,8.6,NA,NA,NA,NA,21,17400,NA,NA,NA,NA,21,13600,NA,NA,21,1100,NA,NA,NA,NA,21,499000,NA,NA,NA,NA,NA,NA,NA,NA,21,130,NA,NA,NA,NA,NA,NA,NA,NA,NA,NA,NA,NA,NA,NA,NA,NA,21,70,NA,NA,NA,NA,NA,NA,NA,NA,NA,NA,21,21,NA,NA,NA,NA,NA,NA,NA,NA,NA,NA,NA,NA,NA,NA,NA,NA,NA,NA,NA,NA,NA,NA,NA,NA,NA,NA,20,4025,NA,NA,NA,NA,NA,NA,NA,NA,NA,NA,NA,NA,NA,NA,NA,NA,NA,NA,21,282,NA,NA,NA,NA,NA,NA,NA,NA,NA,NA,NA,NA,NA,NA,NA,NA,NA,NA,NA,NA,NA,NA,18,3354,16,16017,NA,NA,NA,NA,NA,NA,NA,NA,21,253,NA,NA,NA,NA,NA,NA,NA,NA,NA,NA,NA,NA,NA,NA,NA,NA,NA,NA,NA,NA,21,22.5,NA,NA,17,170,NA,NA,NA,NA,NA,NA,NA,NA,NA,NA,NA,NA,NA,NA,NA,NA,NA,17,5,NA,NA,NA,NA,NA,11,NA,NA,NA,8,3,NA,NA,NA,NA,NA,NA,NA,10,21,NA,NA,NA,21,5,NA,NA,NA,18,NA,NA,0,NA
"5","https://doi:10.1001/jama.2020.10374",2020-06-08,"US","Cheung E. et al.","JAMA","Cheung","MIS-C","LH","RVP",17,"PS: Ashkenazi Jews counted as White",8,9,8,NA,NA,1.8,16,NA,NA,NA,NA,NA,NA,NA,NA,NA,NA,NA,12,4,1,NA,NA,NA,NA,NA,NA,NA,NA,NA,NA,NA,3,NA,NA,NA,NA,NA,NA,NA,NA,NA,NA,NA,NA,NA,11,8,9,NA,NA,9,8,NA,NA,NA,NA,NA,NA,NA,17,1,5,12,NA,NA,7,NA,NA,14,NA,3,15,NA,NA,NA,NA,8,NA,NA,NA,NA,NA,NA,NA,NA,NA,8,0,1,2,9,NA,NA,NA,NA,NA,13,NA,3,NA,8,5,NA,NA,12,9,3,6,11,NA,NA,NA,NA,NA,NA,NA,17,11.2,NA,NA,NA,NA,17,14000,NA,NA,NA,NA,NA,NA,NA,NA,17,1212.1,NA,NA,NA,NA,17,237000,NA,NA,NA,NA,NA,NA,NA,NA,17,133.1,NA,NA,NA,NA,17,647.9,NA,NA,NA,NA,NA,NA,NA,NA,NA,NA,17,49.6,NA,NA,NA,NA,17,51.5,NA,NA,NA,NA,NA,NA,NA,NA,17,362.8,NA,NA,NA,NA,NA,NA,NA,NA,NA,NA,NA,NA,NA,NA,17,4000,NA,NA,NA,NA,NA,NA,NA,NA,NA,NA,NA,NA,NA,NA,17,56.8,NA,NA,NA,NA,NA,NA,NA,NA,NA,NA,17,15833,NA,NA,NA,NA,NA,NA,NA,NA,NA,NA,NA,NA,NA,NA,NA,NA,NA,NA,NA,NA,NA,NA,21,200,NA,NA,NA,NA,NA,NA,NA,NA,NA,NA,NA,NA,NA,NA,NA,NA,NA,NA,NA,NA,21,21.7,NA,NA,NA,NA,NA,NA,NA,NA,NA,NA,17,226.3,NA,NA,NA,NA,NA,NA,NA,NA,NA,NA,NA,NA,NA,NA,7.1,3,18,15,6.4,3,NA,NA,12,NA,0,NA,NA,NA,10,NA,NA,NA,NA,NA,NA,NA,NA,14,4,NA,NA,11,13,NA,NA,NA,1,NA,NA,NA,0,1
"6","https://doi.org/10.1007/s00246-020-02391-2",2020-06-12,"United Kingdom","Ramcharan T. et al.","Pediatr Cardiol","Ramcharan","MIS-C","LH","RVP",15,NA,11,4,8.8,6.4,11.2,NA,NA,NA,NA,NA,NA,NA,NA,NA,NA,NA,NA,NA,0,6,6,3,NA,NA,NA,NA,NA,NA,NA,NA,NA,NA,NA,NA,NA,NA,NA,NA,NA,NA,NA,NA,NA,NA,NA,NA,3,2,NA,NA,NA,12,0,NA,NA,NA,NA,NA,NA,NA,15,NA,5,NA,NA,NA,NA,NA,NA,3,NA,NA,13,NA,NA,NA,NA,NA,NA,4,NA,NA,NA,NA,NA,NA,NA,8,6,1,1,11,51,NA,NA,NA,NA,10,NA,NA,0,NA,8,NA,NA,NA,NA,NA,NA,NA,5,NA,NA,NA,NA,NA,NA,NA,NA,NA,NA,NA,NA,NA,NA,NA,NA,NA,NA,NA,NA,NA,NA,NA,NA,NA,NA,NA,NA,NA,NA,NA,NA,NA,NA,NA,NA,NA,NA,NA,NA,NA,NA,NA,NA,NA,NA,NA,NA,15,558,364,1325,NA,NA,NA,NA,NA,NA,NA,NA,NA,NA,NA,NA,NA,NA,NA,NA,NA,NA,NA,NA,NA,NA,NA,NA,NA,NA,NA,NA,NA,NA,NA,NA,15,385,117,1615,NA,NA,NA,NA,NA,NA,NA,NA,15,2060,1160,2610,NA,NA,NA,NA,NA,NA,NA,NA,15,396,100,1280,NA,NA,NA,NA,NA,NA,NA,NA,15,24470,17212,26655,NA,NA,NA,NA,NA,NA,NA,NA,NA,NA,NA,NA,NA,NA,NA,NA,NA,NA,NA,NA,15,154,129,231,NA,NA,NA,NA,NA,NA,15,75,45,90,NA,NA,NA,NA,NA,NA,NA,NA,NA,NA,NA,NA,NA,NA,NA,NA,NA,NA,NA,NA,NA,NA,NA,NA,NA,NA,NA,NA,NA,NA,NA,NA,12,9,13,10,4,NA,3,5,NA,4,4,3,NA,NA,10,3,2,3,0,NA,NA,NA,NA,5,11,2,NA,0,10,2,NA,0,NA,15,NA,NA,0,2
"7","https://10.1136/annrheumdis-2020-217960",2020-06-11,"France","Pouletty M. et al.","Ann Rheum Dis","Pouletty - severe","MIS-C","LH","RVP",7,"Group 1 severe",4,3,12,9.5,15.5,NA,NA,NA,NA,NA,NA,NA,NA,NA,NA,NA,NA,NA,NA,NA,NA,NA,NA,NA,NA,NA,NA,NA,NA,2,NA,NA,0,NA,NA,NA,NA,NA,NA,NA,NA,NA,NA,NA,NA,NA,6,5,2,1,0,NA,NA,NA,NA,NA,NA,NA,3,0,7,NA,9,NA,9,12,1,NA,NA,NA,NA,NA,6,NA,NA,NA,NA,5,NA,NA,NA,NA,NA,NA,NA,NA,6,1,1,NA,NA,NA,34,NA,NA,3,43,7,7,NA,NA,4,NA,NA,7,6,6,5,3,6,NA,1,0,NA,NA,NA,NA,NA,NA,7,12700,11700,30000,NA,NA,7,10000,9600,10700,7,930,670,1120,NA,NA,7,183000,170000,240000,NA,NA,NA,NA,NA,NA,7,127,127,132,NA,NA,7,1760,1693,2500,NA,NA,NA,NA,NA,NA,NA,NA,NA,NA,NA,NA,NA,NA,NA,NA,NA,NA,NA,NA,7,18.5,18,20,NA,NA,NA,NA,NA,NA,NA,NA,NA,NA,NA,NA,NA,NA,NA,NA,NA,NA,NA,NA,NA,NA,NA,NA,NA,NA,NA,NA,NA,NA,NA,NA,NA,NA,NA,NA,NA,NA,NA,NA,NA,NA,NA,NA,7,64,52,1023,NA,NA,NA,NA,NA,NA,NA,NA,NA,NA,NA,NA,NA,NA,NA,NA,NA,NA,NA,NA,7,2231,1664,3287,NA,NA,NA,NA,NA,NA,NA,NA,7,245,182,299,NA,NA,NA,NA,NA,NA,NA,NA,NA,NA,NA,NA,NA,NA,NA,NA,NA,NA,NA,NA,NA,NA,NA,NA,NA,NA,NA,NA,NA,NA,NA,NA,NA,NA,NA,NA,NA,NA,NA,NA,NA,7,NA,NA,NA,NA,NA,3,2,NA,NA,NA,6,NA,NA,NA,NA,NA,NA,NA,NA,3,4,3,NA,NA,7,1,1,NA,1,NA,NA,NA,0,2
"8","https://10.1136/annrheumdis-2020-217960",2020-06-11,"France","Pouletty M. et al.","Ann Rheum Dis","Pouletty - nonsevere","MIS-C","LH","RVP",9,"Group 2 non-severe",4,5,5,2,10,NA,NA,NA,NA,NA,NA,NA,NA,NA,NA,NA,NA,NA,NA,NA,NA,NA,NA,NA,NA,NA,NA,NA,NA,2,NA,NA,2,NA,NA,NA,NA,NA,NA,NA,NA,NA,NA,NA,NA,NA,6,4,5,1,3,NA,NA,NA,NA,NA,NA,NA,4,1,9,NA,8,NA,8,12,1,NA,NA,NA,NA,NA,7,NA,NA,NA,NA,4,NA,NA,NA,NA,NA,NA,NA,NA,1,3,2,NA,NA,NA,50,NA,NA,NA,NA,4,4,NA,NA,6,NA,NA,9,7,8,6,3,9,NA,0,0,NA,NA,NA,NA,NA,NA,9,9700,9700,11900,NA,NA,9,8000,6400,9600,9,1600,1000,1700,NA,NA,9,193000,136000,228000,NA,NA,NA,NA,NA,NA,9,130,129,136,NA,NA,9,295,165,536,NA,NA,NA,NA,NA,NA,NA,NA,NA,NA,NA,NA,NA,NA,NA,NA,NA,NA,NA,NA,9,22,22,24,NA,NA,NA,NA,NA,NA,NA,NA,NA,NA,NA,NA,NA,NA,NA,NA,NA,NA,NA,NA,NA,NA,NA,NA,NA,NA,NA,NA,NA,NA,NA,NA,NA,NA,NA,NA,NA,NA,NA,NA,NA,NA,NA,NA,9,40,21,60,NA,NA,NA,NA,NA,NA,NA,NA,NA,NA,NA,NA,NA,NA,NA,NA,NA,NA,NA,NA,9,7209,5751,7339,NA,NA,NA,NA,NA,NA,NA,NA,9,193,170,219,NA,NA,NA,NA,NA,NA,NA,NA,NA,NA,NA,NA,NA,NA,NA,NA,NA,NA,NA,NA,NA,NA,NA,NA,NA,NA,NA,NA,NA,NA,NA,NA,NA,NA,NA,NA,NA,NA,NA,NA,NA,NA,NA,NA,NA,NA,NA,0,0,NA,NA,NA,0,NA,NA,NA,0,NA,NA,NA,0,1,5,3,NA,NA,8,4,NA,NA,NA,NA,NA,NA,0,0
"9","https://10.1056/NEJMoa2021756",2020-06-29,"US","Dufort et al.","NEJM","Dufort 0-5y","MIS-C","LH","RVP",31,"0-5y",20,11,NA,NA,NA,NA,NA,NA,NA,NA,NA,NA,NA,NA,31,NA,NA,NA,10,13,0,4,NA,NA,NA,NA,NA,NA,NA,10,NA,NA,NA,2,NA,NA,NA,NA,NA,NA,NA,NA,NA,NA,NA,NA,NA,15,16,NA,NA,NA,NA,NA,NA,NA,NA,NA,24,1,31,NA,NA,NA,NA,NA,NA,12,5,NA,1,3,23,18,16,13,NA,4,NA,0,4,NA,24,NA,3,NA,12,NA,NA,4,NA,NA,NA,NA,NA,NA,NA,4,28,NA,NA,NA,NA,15,NA,23,15,6,4,21,NA,NA,NA,NA,NA,NA,NA,NA,NA,NA,11200,7400,14800,NA,NA,NA,NA,NA,NA,NA,NA,NA,NA,NA,NA,29,186000,107000,297000,NA,NA,NA,NA,NA,NA,NA,NA,NA,NA,NA,NA,23,412,185,698,NA,NA,NA,NA,NA,NA,NA,NA,NA,NA,NA,NA,NA,NA,NA,NA,NA,NA,NA,NA,29,32,25,36,NA,NA,NA,NA,NA,NA,NA,NA,19,328,273,426,NA,NA,NA,NA,NA,NA,NA,NA,NA,NA,NA,NA,28,2700,1700,4400,NA,NA,NA,NA,18,551,386,689,NA,NA,NA,NA,NA,NA,NA,NA,NA,NA,NA,NA,NA,NA,NA,NA,NA,NA,NA,NA,NA,NA,NA,NA,NA,NA,NA,NA,NA,NA,NA,NA,NA,NA,NA,NA,NA,NA,NA,NA,NA,NA,NA,NA,31,206,113,290,NA,NA,NA,NA,NA,NA,18,57.5,46,72,NA,NA,NA,NA,NA,NA,NA,NA,20,6.1,2.2,15.8,NA,NA,NA,NA,7,80,7.7,301.4,NA,NA,NA,NA,NA,NA,NA,NA,NA,NA,NA,19,6,NA,3,8,NA,2,3,NA,NA,NA,15,NA,NA,NA,1,NA,NA,NA,NA,16,NA,NA,NA,NA,26,NA,NA,NA,NA,NA,NA,NA,1,NA
"10","https://10.1056/NEJMoa2021756",2020-06-29,"US","Dufort et al.","NEJM","Dufort 6-12y","MIS-C","LH","RVP",42,"6-12y",18,24,NA,NA,NA,NA,NA,NA,NA,NA,NA,NA,NA,NA,NA,42,NA,NA,13,12,2,7,NA,NA,NA,NA,NA,NA,NA,11,NA,NA,NA,5,NA,NA,NA,NA,NA,NA,NA,NA,NA,NA,NA,NA,NA,19,22,NA,NA,NA,NA,NA,NA,NA,NA,NA,33,0,42,NA,NA,NA,NA,NA,NA,9,6,NA,3,0,35,29,25,23,NA,16,NA,1,15,NA,25,NA,4,NA,21,NA,NA,4,NA,NA,NA,NA,NA,NA,NA,5,42,NA,NA,NA,NA,18,NA,25,8,1,2,23,NA,NA,NA,NA,NA,NA,NA,NA,NA,NA,9100,6400,13700,NA,NA,NA,NA,NA,NA,NA,NA,NA,NA,NA,NA,40,125000,100000,200000,NA,NA,NA,NA,NA,NA,NA,NA,NA,NA,NA,NA,36,613,305,932,NA,NA,NA,NA,NA,NA,NA,NA,NA,NA,NA,NA,NA,NA,NA,NA,NA,NA,NA,NA,41,31,25,35,NA,NA,NA,NA,NA,NA,NA,NA,31,288,256,342,NA,NA,NA,NA,NA,NA,NA,NA,NA,NA,NA,NA,40,2500,1300,3600,NA,NA,NA,NA,31,596,496,719,NA,NA,NA,NA,NA,NA,NA,NA,NA,NA,NA,NA,NA,NA,NA,NA,NA,NA,NA,NA,NA,NA,NA,NA,NA,NA,NA,NA,NA,NA,NA,NA,NA,NA,NA,NA,NA,NA,NA,NA,NA,NA,NA,NA,41,210,160,287,NA,NA,NA,NA,NA,NA,20,55.5,38,75.5,NA,NA,NA,NA,NA,NA,NA,NA,29,11.3,4.4,24.8,NA,NA,NA,NA,18,215,47,315,NA,NA,NA,NA,NA,NA,NA,NA,NA,NA,NA,38,6,NA,4,10,NA,13,3,NA,NA,NA,29,NA,NA,NA,2,NA,NA,NA,NA,30,NA,NA,NA,NA,30,NA,NA,NA,NA,NA,NA,NA,1,NA
"11","https://10.1056/NEJMoa2021756",2020-06-29,"US","Dufort et al.","NEJM","Dufort 13-20y","MIS-C","LH","RVP",26,"13-20y",15,11,NA,NA,NA,NA,NA,NA,NA,NA,NA,NA,NA,NA,NA,NA,26,NA,6,6,2,3,NA,NA,NA,NA,NA,NA,NA,8,NA,NA,NA,7,NA,NA,NA,NA,NA,NA,NA,NA,NA,NA,NA,NA,NA,16,10,NA,NA,NA,NA,NA,NA,NA,NA,NA,19,0,26,NA,NA,NA,NA,NA,NA,6,8,NA,7,1,21,13,16,13,NA,10,NA,1,10,NA,12,NA,3,NA,19,NA,NA,1,NA,NA,NA,NA,NA,NA,NA,1,26,NA,NA,NA,NA,3,NA,11,4,2,0,11,NA,NA,NA,NA,NA,NA,NA,NA,NA,NA,10900,8000,14000,NA,NA,NA,NA,NA,NA,NA,NA,NA,NA,NA,NA,26,162000,130000,223000,NA,NA,NA,NA,NA,NA,NA,NA,NA,NA,NA,NA,24,540,365,880,NA,NA,NA,NA,NA,NA,NA,NA,NA,NA,NA,NA,NA,NA,NA,NA,NA,NA,NA,NA,24,31,26,38,NA,NA,NA,NA,NA,NA,NA,NA,19,325,283,465,NA,NA,NA,NA,NA,NA,NA,NA,NA,NA,NA,NA,26,1800,800,3300,NA,NA,NA,NA,17,766,620,836,NA,NA,NA,NA,NA,NA,NA,NA,NA,NA,NA,NA,NA,NA,NA,NA,NA,NA,NA,NA,NA,NA,NA,NA,NA,NA,NA,NA,NA,NA,NA,NA,NA,NA,NA,NA,NA,NA,NA,NA,NA,NA,NA,NA,26,283,185,364,NA,NA,NA,NA,NA,NA,14,65,59,88,NA,NA,NA,NA,NA,NA,NA,NA,16,2.7,0.4,18.5,NA,NA,NA,NA,9,111,63.7,286,NA,NA,NA,NA,NA,NA,NA,NA,NA,NA,NA,22,6.5,NA,6,10,NA,8,4,NA,NA,NA,17,NA,NA,NA,1,NA,NA,NA,NA,17,NA,NA,NA,NA,13,NA,NA,NA,NA,NA,NA,NA,0,NA
"12","10.1056/NEJMoa2021680",2020-06-29,"US","Feldstein et al.","NEJM","Feldstein","MIS-C","LH","RVP",186,"0-20y",115,71,8.3,3.3,12.5,0,20,13,53,NA,46,NA,45,NA,NA,NA,45,29,35,46,NA,9,41,57,NA,NA,NA,NA,NA,45,5,33,NA,NA,NA,NA,NA,10,NA,NA,NA,NA,NA,NA,NA,NA,55,73,108,NA,NA,85,46,NA,NA,NA,NA,NA,NA,NA,186,NA,6,NA,5,8,131,NA,NA,NA,NA,109,171,NA,NA,NA,NA,12,4,NA,NA,NA,NA,15,10,149,NA,26,15,NA,9,61,NA,NA,NA,NA,NA,NA,NA,22,NA,38,36,74,131,110,78,69,18,103,NA,4,NA,NA,NA,NA,NA,NA,NA,NA,NA,NA,NA,NA,NA,NA,NA,NA,NA,NA,NA,NA,NA,NA,NA,NA,NA,NA,NA,NA,NA,185,133000,88000,235000,NA,NA,NA,NA,NA,NA,NA,NA,NA,NA,NA,NA,NA,NA,163,639,332.7,1178.2,NA,NA,NA,NA,NA,NA,NA,NA,NA,NA,NA,NA,NA,NA,NA,NA,178,25,20,29,NA,NA,NA,NA,NA,NA,NA,NA,NA,NA,NA,NA,NA,NA,NA,NA,NA,NA,NA,NA,NA,NA,NA,NA,118,4090,2240,8404.5,NA,NA,NA,NA,NA,NA,NA,NA,NA,NA,NA,NA,NA,NA,NA,NA,NA,NA,NA,NA,NA,NA,NA,NA,NA,NA,NA,NA,NA,NA,NA,NA,128,1194.7,390.8,4833,NA,NA,NA,NA,NA,NA,NA,NA,172,178,128,259,NA,NA,NA,NA,NA,NA,117,65,42,91,NA,NA,NA,NA,NA,NA,NA,NA,NA,NA,NA,NA,NA,NA,NA,NA,NA,NA,NA,NA,NA,NA,NA,NA,NA,NA,NA,NA,NA,NA,NA,NA,7,4,10,148,NA,NA,NA,NA,NA,NA,37,NA,NA,NA,90,NA,NA,NA,8,NA,NA,NA,6,91,NA,NA,NA,87,144,39,24,NA,14,NA,NA,NA,4,NA
"13","https://doi.org/10.1148/radiol.2020202543",2020-06-25,"United Kingdom","Hameed et al.","Radiology","Hameed","MIS-C","LH","RVP",35,"8 cases of Riphagen et al. included! (Single Cases)",27,8,11,NA,NA,NA,NA,NA,NA,NA,NA,NA,NA,NA,4,NA,NA,NA,NA,NA,NA,NA,NA,NA,NA,NA,NA,NA,NA,NA,NA,NA,NA,NA,NA,NA,NA,NA,NA,NA,NA,NA,NA,NA,NA,NA,NA,1,34,0,5,NA,NA,NA,NA,NA,23,27,25,27,33,NA,NA,NA,NA,NA,NA,NA,NA,13,NA,NA,30,NA,NA,NA,NA,NA,NA,NA,NA,NA,NA,NA,NA,NA,15,NA,6,NA,NA,NA,NA,NA,NA,NA,NA,21,NA,NA,NA,NA,NA,NA,NA,13,NA,NA,NA,9,NA,NA,NA,NA,NA,NA,NA,NA,NA,35,12000,10500,17200,NA,NA,35,10400,8600,13000,35,1000,800,1300,NA,NA,35,160000,135000,224000,NA,NA,NA,NA,NA,NA,NA,NA,NA,NA,NA,NA,35,631,293,1023,NA,NA,NA,NA,NA,NA,NA,NA,NA,NA,NA,NA,NA,NA,NA,NA,NA,NA,NA,NA,NA,NA,NA,NA,NA,NA,NA,NA,NA,NA,NA,NA,NA,NA,NA,NA,NA,NA,NA,NA,NA,NA,NA,NA,NA,NA,NA,NA,35,4900,3300,10300,NA,NA,NA,NA,NA,NA,NA,NA,NA,NA,NA,NA,NA,NA,NA,NA,35,47,39,185,NA,NA,NA,NA,NA,NA,NA,NA,NA,NA,NA,NA,NA,NA,NA,NA,NA,NA,NA,NA,NA,NA,NA,NA,NA,NA,NA,NA,NA,NA,NA,NA,35,267,180,309,NA,NA,NA,NA,NA,NA,NA,NA,NA,NA,NA,NA,NA,NA,NA,NA,NA,NA,NA,NA,NA,NA,NA,NA,NA,NA,NA,NA,NA,NA,NA,NA,NA,NA,NA,NA,NA,NA,NA,NA,NA,24,NA,NA,NA,NA,NA,NA,7,NA,NA,NA,20,NA,NA,NA,2,NA,NA,NA,NA,NA,NA,NA,NA,NA,NA,NA,NA,NA,NA,NA,NA,NA,1,NA
"14","https://doi.org/10.1016/j.jpeds.2020.06.044",2020-06-14,"US","Capone et al.","J Pediatr","Capone","MIS-C","LH","RVP",33,NA,20,13,8.6,5.5,12.6,2.2,17,NA,NA,NA,NA,NA,NA,NA,NA,NA,NA,NA,3,8,3,15,4,9,24,NA,NA,NA,NA,13,NA,NA,5,NA,NA,NA,NA,NA,NA,NA,NA,NA,NA,NA,NA,NA,NA,9,24,NA,NA,NA,NA,NA,NA,NA,NA,NA,30,0,33,NA,NA,NA,NA,NA,17,NA,NA,NA,NA,17,32,NA,NA,NA,NA,19,NA,NA,NA,NA,NA,NA,23,NA,NA,NA,3,5,0,19,NA,NA,NA,NA,NA,25,NA,NA,NA,21,NA,NA,NA,NA,NA,NA,NA,NA,NA,NA,NA,33,11.2,10.5,12,NA,NA,33,9140,7190,12330,NA,NA,NA,NA,NA,NA,33,800,490,1420,NA,NA,33,154000,104000,205000,NA,NA,NA,NA,NA,NA,33,133,131,135,NA,NA,33,640,313,1192,NA,NA,NA,NA,NA,NA,NA,NA,33,38,30,64,NA,NA,33,54,36,76,NA,NA,33,34,30,37,NA,NA,NA,NA,NA,NA,NA,NA,33,320,263,419,NA,NA,NA,NA,NA,NA,NA,NA,NA,NA,NA,NA,33,1700,958,2410,NA,NA,NA,NA,33,736,619,870,NA,NA,NA,NA,NA,NA,NA,NA,33,31,6,78,NA,NA,NA,NA,NA,NA,NA,NA,33,3325,640,6776,NA,NA,NA,NA,NA,NA,NA,NA,NA,NA,NA,NA,NA,NA,NA,NA,NA,NA,NA,NA,33,206,122,291,NA,NA,NA,NA,NA,NA,NA,NA,NA,NA,NA,NA,NA,NA,NA,NA,NA,NA,33,12.05,2.87,24.96,NA,NA,NA,NA,NA,NA,NA,NA,NA,NA,NA,NA,NA,NA,NA,NA,4,4,8,26,NA,NA,NA,NA,NA,NA,6,3,NA,NA,25,NA,NA,NA,NA,NA,NA,NA,NA,23,NA,NA,29,14,33,11,4,1,3,NA,NA,NA,0,9
"15","https://doi.org/10.1016/j.jpeds.2020.06.045",2020-06-14,"US","Kaushik et al.","J Pediatr","Kaushik","MIS-C","LH","RVP",33,"4 patients already in Waltuch et al. (Single cases)",20,13,10,6,13,NA,NA,NA,NA,NA,NA,NA,NA,NA,NA,NA,NA,NA,18,13,1,1,NA,NA,NA,33.4,18.6,15.9,22.9,6,2,NA,5,NA,NA,NA,NA,NA,3,NA,NA,NA,NA,NA,NA,NA,8,11,NA,NA,NA,27,NA,NA,NA,NA,NA,NA,NA,NA,31,NA,NA,NA,NA,NA,NA,NA,11,11,NA,NA,NA,21,23,16,NA,4,NA,NA,NA,NA,NA,NA,NA,NA,NA,15,NA,NA,4,17,46.6,39.5,52.8,NA,NA,21,NA,NA,NA,NA,NA,NA,NA,14,7,NA,NA,12,NA,NA,NA,33,11.3,9.55,12.5,NA,NA,33,11000,8450,14400,NA,NA,NA,NA,NA,NA,33,1100,600,1300,NA,NA,33,176000,130500,282000,NA,NA,NA,NA,NA,NA,33,136,135,139,NA,NA,33,568,340,954,NA,NA,NA,NA,NA,NA,NA,NA,33,36,28,53,NA,NA,33,48,27,69,NA,NA,33,35,26,39,NA,NA,NA,NA,NA,NA,NA,NA,NA,NA,NA,NA,NA,NA,NA,NA,NA,NA,NA,NA,NA,NA,NA,NA,33,3700,2400,5100,NA,NA,NA,NA,33,627,455,782,NA,NA,NA,NA,NA,NA,NA,NA,33,80,20,170,16,4328,2117,13370,16,15000,9329,15000,NA,NA,NA,NA,16,388,75,1086,16,760,388,1434,NA,NA,NA,NA,NA,NA,NA,NA,33,255,181,310,33,250,156,302,NA,NA,NA,NA,NA,NA,33,53,28.2,77.2,NA,NA,NA,NA,33,6,2.7,16.5,33,5.4,1.8,16.7,NA,NA,NA,NA,33,200,56.4,330,33,0.8,0.4,1.2,33,41.7,25.1,54.4,7.8,6,10.1,33,4.7,NA,4,8,NA,12,5,NA,NA,NA,17,3,2,4.5,1,NA,NA,NA,NA,17,NA,NA,NA,33,18,NA,4,NA,12,29,1,7,1,1
"16","https://doi.org/10.1172/JCI140970",2020-07-30,"US","Diorio et al.","J Clin Invest","Diorio","MIS-C","LH",NA,6,"3 patients already reported by Chiotios et al.",2,4,6,5,7,NA,NA,NA,NA,NA,NA,NA,NA,NA,NA,NA,NA,NA,4,1,NA,1,NA,1,5,NA,NA,NA,NA,NA,NA,NA,NA,NA,NA,NA,NA,NA,NA,NA,NA,NA,NA,NA,NA,NA,NA,NA,NA,NA,NA,NA,NA,NA,NA,NA,NA,NA,NA,NA,6,NA,NA,NA,NA,NA,NA,NA,1,NA,NA,5,NA,4,1,1,NA,NA,NA,NA,NA,NA,NA,NA,3,NA,NA,NA,1,NA,NA,4,NA,NA,NA,NA,NA,5,NA,NA,NA,2,2,NA,NA,2,3,1,NA,4,NA,NA,NA,NA,NA,NA,NA,NA,NA,NA,NA,NA,NA,NA,NA,NA,NA,NA,NA,NA,NA,NA,NA,NA,NA,NA,NA,NA,NA,NA,NA,NA,NA,NA,NA,NA,NA,NA,NA,NA,NA,NA,NA,NA,NA,NA,NA,NA,NA,NA,NA,NA,NA,NA,NA,NA,NA,NA,NA,NA,NA,NA,NA,NA,NA,NA,NA,NA,NA,NA,NA,NA,NA,NA,NA,NA,NA,NA,NA,NA,NA,NA,NA,NA,NA,NA,NA,NA,NA,NA,NA,NA,NA,NA,NA,NA,NA,NA,NA,NA,NA,NA,NA,NA,NA,NA,NA,NA,NA,NA,NA,NA,NA,NA,NA,NA,NA,NA,NA,NA,NA,NA,NA,NA,NA,NA,NA,NA,NA,NA,NA,NA,NA,NA,NA,NA,NA,NA,NA,NA,NA,NA,NA,NA,NA,NA,NA,NA,NA,NA,NA,NA,NA,NA,NA,NA,NA,NA,NA,NA,NA,NA,NA,NA,NA,NA,NA,NA,NA,NA,NA,NA,NA,NA,NA,NA,NA,NA,NA,NA,NA,NA,NA,NA,NA,NA,NA,NA,NA,NA,NA,NA,NA,NA,5,NA,NA,NA,NA,NA,3,2,NA,NA,NA,5,NA,NA,NA,0,NA,NA,NA,NA,6,NA,NA,NA,NA,6,NA,NA,NA,NA,NA,NA,NA,NA,NA
"17","https://doi.org/10.1093/cid/ciaa1042",2020-07-25,"Spain","Moraleda et al.","Clin Infect Dis.","Moraleda","MIS-C","LH","RVP",31,NA,18,13,7.6,4.5,11.5,NA,NA,NA,NA,NA,NA,NA,NA,NA,NA,NA,NA,NA,NA,NA,NA,NA,NA,NA,NA,NA,NA,NA,NA,3,1,NA,4,NA,NA,NA,1,NA,NA,NA,NA,NA,NA,NA,NA,"1 chronic hematological disease",16,17,14,NA,NA,NA,NA,NA,NA,NA,10,7,19,2,30,NA,6,NA,5,8,11,8,8,NA,NA,NA,27,NA,NA,NA,NA,NA,4,15,6,NA,NA,NA,4,NA,NA,6,3,1,NA,15,NA,NA,NA,NA,NA,15,NA,7,NA,NA,NA,13,NA,NA,NA,NA,4,NA,NA,NA,NA,31,10.3,9,11.2,NA,NA,31,9560,7365,17850,NA,NA,30,6810,5725,14355,31,910,500,1700,NA,NA,NA,NA,NA,NA,NA,NA,NA,NA,NA,NA,NA,NA,NA,NA,NA,NA,NA,NA,NA,NA,NA,NA,NA,NA,29,627,365,1278,NA,NA,NA,NA,NA,NA,NA,NA,NA,NA,NA,NA,NA,NA,NA,NA,NA,NA,NA,NA,NA,NA,NA,NA,NA,NA,NA,NA,NA,NA,NA,NA,NA,NA,NA,NA,NA,NA,NA,NA,NA,NA,NA,NA,30,2896,2059,5355,NA,NA,NA,NA,NA,NA,NA,NA,NA,NA,NA,NA,NA,NA,NA,NA,NA,NA,NA,NA,22,8918,4136,14255,NA,NA,NA,NA,NA,NA,NA,NA,NA,NA,NA,NA,NA,NA,NA,NA,NA,NA,NA,NA,31,166,83.7,233,NA,NA,NA,NA,NA,NA,NA,NA,NA,NA,NA,NA,NA,NA,NA,NA,NA,NA,NA,NA,NA,NA,29,6.74,1.65,10.8,NA,NA,NA,NA,23,133,41.3,324,NA,NA,NA,NA,NA,NA,NA,NA,NA,NA,NA,20,NA,NA,NA,NA,NA,NA,6,NA,NA,NA,NA,NA,NA,NA,NA,NA,NA,NA,NA,21,NA,NA,NA,NA,20,NA,NA,NA,NA,28,NA,2,1,NA
"18","32769230_PMID",2020-08-06,"India","Dhanalakshmi et al.","Indian Pediatr.","Dhanalakshmi","MIS-C","LH","RVP",19,NA,8,11,6,1.08333333333333,16,NA,NA,NA,NA,NA,NA,NA,NA,NA,NA,NA,NA,NA,NA,NA,NA,NA,NA,NA,NA,NA,NA,NA,NA,NA,NA,NA,NA,NA,NA,NA,NA,NA,NA,NA,1,NA,NA,NA,NA,NA,NA,4,11,NA,NA,8,7,NA,NA,NA,NA,NA,NA,NA,19,NA,NA,NA,NA,NA,8,NA,NA,5,NA,NA,8,8,6,3,NA,6,NA,NA,NA,NA,NA,NA,3,12,NA,1,3,0,NA,NA,NA,NA,NA,NA,NA,10,NA,NA,NA,7,NA,NA,NA,12,9,10,6,9,NA,NA,NA,NA,NA,NA,NA,NA,NA,NA,NA,NA,NA,NA,NA,NA,NA,NA,NA,NA,NA,NA,NA,NA,NA,NA,NA,NA,NA,NA,NA,NA,NA,NA,NA,NA,NA,NA,NA,NA,NA,NA,NA,NA,NA,NA,NA,NA,NA,NA,NA,NA,NA,NA,NA,NA,NA,NA,NA,NA,NA,NA,NA,NA,NA,NA,NA,NA,NA,NA,NA,NA,NA,NA,NA,NA,NA,NA,NA,NA,NA,NA,NA,NA,NA,NA,NA,NA,NA,NA,NA,NA,NA,14,4250,339,7328,NA,NA,NA,NA,NA,NA,NA,NA,NA,NA,NA,NA,NA,NA,NA,NA,NA,NA,NA,NA,NA,NA,NA,NA,NA,NA,NA,NA,NA,NA,NA,NA,NA,NA,NA,NA,NA,NA,NA,NA,NA,NA,NA,NA,NA,NA,NA,NA,NA,NA,NA,NA,19,118,73,298,NA,NA,NA,NA,NA,NA,NA,NA,NA,NA,NA,NA,NA,NA,NA,NA,NA,NA,NA,NA,NA,NA,NA,NA,NA,NA,NA,NA,NA,NA,NA,NA,NA,NA,NA,NA,NA,NA,6,3,13,12,NA,NA,NA,NA,NA,5,0,NA,NA,NA,6,NA,NA,NA,NA,NA,NA,NA,NA,11,16,NA,NA,NA,15,NA,NA,NA,1,19,NA,NA,0,NA
"19","https://doi.org/10.1172/JCI141113",2020-07-23,"US","Lee et al.","J Clin Invest","Lee","MIS-C","LH","RVP",28,NA,16,12,9,NA,NA,0.0833333333333333,17,NA,NA,NA,NA,NA,NA,NA,NA,NA,NA,NA,10,5,NA,NA,NA,12,NA,NA,NA,NA,NA,4,1,NA,3,NA,NA,NA,NA,NA,NA,NA,NA,NA,NA,NA,NA,"sickle cell anemia (n =1),mitochondrial disorder (n =1), autism (n = 1)and chromosomal abnormalities(n =1)",8,17,11,NA,NA,18,1,NA,NA,NA,NA,NA,NA,NA,28,NA,NA,NA,NA,NA,NA,NA,NA,10,NA,NA,NA,15,NA,NA,NA,NA,NA,NA,NA,NA,NA,NA,6,NA,NA,NA,2,4,2,9,NA,NA,NA,NA,NA,15,NA,NA,NA,2,5,7,NA,10,7,6,NA,16,2,NA,NA,NA,NA,NA,NA,NA,NA,28,8100,5100,13000,NA,NA,NA,NA,NA,NA,28,1300,700,1700,NA,NA,28,155000,117000,230000,NA,NA,NA,NA,NA,NA,NA,NA,NA,NA,NA,NA,28,537,238,1473,NA,NA,NA,NA,NA,NA,NA,NA,NA,NA,NA,NA,NA,NA,NA,NA,NA,NA,NA,NA,NA,NA,NA,NA,NA,NA,NA,NA,NA,NA,NA,NA,NA,NA,NA,NA,NA,NA,NA,NA,NA,NA,NA,NA,NA,NA,NA,NA,28,2600,1200,4300,NA,NA,NA,NA,28,528,365,579,NA,NA,NA,NA,NA,NA,NA,NA,28,10,0,100,NA,NA,NA,NA,NA,NA,NA,NA,NA,NA,NA,NA,NA,NA,NA,NA,NA,NA,NA,NA,28,145,19,681,NA,NA,NA,NA,NA,NA,NA,NA,28,133,53,216,NA,NA,NA,NA,NA,NA,28,43,13,62,NA,NA,NA,NA,NA,NA,NA,NA,NA,NA,NA,NA,NA,NA,NA,NA,NA,NA,NA,NA,NA,NA,NA,NA,NA,NA,NA,NA,8,NA,NA,17,NA,NA,NA,NA,NA,7,1,NA,NA,NA,7,NA,NA,NA,NA,NA,NA,NA,NA,17,14,5,NA,18,20,NA,5,NA,NA,15,NA,7,0,NA
"20","https://doi.org/10.1016/S2352-4642(20)30215-7",2020-07-09,"United Kingdom","Davies et al.","Lancet Child & Adolesc Health","Davies","MIS-C","LH","RVP",78,"29/78 in Whittaker and Riphagen et al., 6 in Ramcharan et al.",52,26,11,8,14,NA,NA,NA,NA,NA,NA,NA,NA,NA,NA,NA,NA,NA,17,37,22,2,NA,NA,NA,NA,NA,NA,NA,NA,NA,NA,NA,NA,NA,NA,NA,NA,NA,NA,NA,NA,NA,NA,NA,NA,8,17,61,NA,NA,33,2,NA,NA,NA,NA,NA,33,2,78,NA,NA,NA,NA,NA,NA,NA,NA,NA,NA,NA,NA,48,49,50,NA,NA,NA,NA,NA,NA,NA,NA,NA,NA,NA,NA,NA,18,NA,NA,NA,NA,NA,NA,NA,68,NA,NA,NA,NA,NA,NA,NA,35,NA,NA,NA,23,NA,NA,NA,NA,NA,NA,NA,NA,NA,NA,NA,NA,NA,NA,NA,78,12300,10700,22900,78,700,400,1100,NA,NA,78,125000,75000,178000,NA,NA,NA,NA,NA,NA,NA,NA,NA,NA,NA,NA,NA,NA,NA,NA,78,1042,538,1746,NA,NA,NA,NA,NA,NA,NA,NA,NA,NA,NA,NA,NA,NA,NA,NA,NA,NA,NA,NA,NA,NA,NA,NA,NA,NA,NA,NA,NA,NA,NA,NA,NA,NA,NA,NA,NA,NA,NA,NA,78,4030,2349,7422,NA,NA,NA,NA,NA,NA,NA,NA,NA,NA,NA,NA,78,157,43,810,NA,NA,NA,NA,NA,NA,NA,NA,NA,NA,NA,NA,NA,NA,NA,NA,NA,NA,NA,NA,NA,NA,NA,NA,NA,NA,NA,NA,NA,NA,NA,NA,78,264,192,316,NA,NA,NA,NA,NA,NA,NA,NA,NA,NA,NA,NA,NA,NA,NA,NA,NA,NA,NA,NA,NA,NA,NA,NA,NA,NA,NA,NA,NA,NA,NA,NA,NA,NA,NA,NA,NA,NA,NA,NA,NA,NA,NA,NA,NA,NA,5,3,6.5,NA,NA,NA,NA,NA,NA,18,36,NA,NA,NA,65,NA,NA,NA,3,NA,NA,NA,1,57,NA,NA,45,39,59,NA,8,3,7,78,NA,1,2,NA
"21","10.1101/2020.07.12.20151068v1",2020-07-14,"US","Weisberg et al.","medrxiv","Weisberg","MIS-C","RVP","LH",15,NA,7,8,11,NA,NA,4,17,NA,NA,NA,NA,NA,NA,NA,NA,NA,NA,NA,9,7,0,0,1,3,12,NA,18.9,17.3,24.7,NA,NA,NA,3,NA,NA,NA,NA,NA,NA,NA,NA,NA,NA,NA,NA,NA,NA,7,8,NA,NA,NA,NA,NA,NA,NA,NA,NA,15,0,NA,NA,NA,NA,NA,NA,NA,NA,NA,NA,NA,NA,NA,NA,NA,NA,NA,NA,NA,NA,NA,NA,NA,NA,NA,NA,NA,NA,NA,NA,NA,NA,NA,NA,NA,NA,NA,NA,NA,NA,NA,NA,NA,NA,NA,NA,NA,NA,NA,NA,NA,NA,NA,NA,NA,NA,NA,NA,NA,NA,NA,NA,NA,NA,NA,15,8800,7000,12500,15,800,400,1600,NA,NA,NA,NA,NA,NA,NA,NA,NA,NA,NA,NA,NA,NA,NA,NA,NA,NA,15,496,278,694,NA,NA,NA,NA,NA,NA,NA,NA,NA,NA,NA,NA,NA,NA,NA,NA,NA,NA,NA,NA,NA,NA,NA,NA,NA,NA,NA,NA,NA,NA,NA,NA,NA,NA,NA,NA,NA,NA,NA,NA,NA,NA,NA,NA,NA,NA,NA,NA,15,2900,1500,4500,NA,NA,NA,NA,NA,NA,NA,NA,15,19,6,88,NA,NA,NA,NA,NA,NA,NA,NA,NA,NA,NA,NA,NA,NA,NA,NA,NA,NA,NA,NA,NA,NA,NA,NA,NA,NA,NA,NA,NA,NA,NA,NA,NA,NA,NA,NA,NA,NA,NA,NA,15,204,49,300,NA,NA,NA,NA,NA,NA,NA,NA,NA,NA,NA,NA,NA,NA,NA,NA,NA,NA,NA,NA,NA,NA,NA,NA,NA,NA,15,307,132,315,NA,NA,NA,NA,NA,NA,NA,NA,NA,NA,NA,NA,NA,NA,NA,NA,NA,NA,NA,NA,NA,NA,NA,NA,NA,NA,NA,NA,NA,NA,NA,14,NA,NA,NA,NA,13,NA,2,NA,NA,NA,0,1,NA,NA
"22","10.1101/2020.07.14.20153320",2020-07-17,"United Kingdom","Swann et al.","medrxiv","Swann","MIS-C","RVP","LH",36,NA,22,14,10.8,8.4,14.1,NA,NA,NA,NA,NA,NA,NA,NA,NA,NA,NA,NA,NA,10,6,5,12,3,NA,NA,NA,NA,NA,NA,2,2,5,NA,NA,NA,2,3,NA,NA,NA,2,NA,NA,4,1,"1",NA,NA,NA,NA,NA,NA,NA,NA,NA,NA,NA,NA,NA,NA,35,NA,NA,NA,NA,NA,NA,18,12,16,3,NA,NA,16,29,19,NA,NA,NA,17,13,NA,NA,NA,NA,NA,NA,NA,NA,NA,NA,NA,NA,NA,NA,NA,NA,NA,NA,NA,NA,NA,NA,NA,NA,16,NA,NA,6,9,NA,NA,NA,36,11.4,10.4,12.3,NA,NA,36,10100,7800,14300,NA,NA,36,7800,5700,12300,36,900,700,1800,NA,NA,36,187000,129000,269000,NA,NA,NA,NA,NA,NA,NA,136,133,139,NA,NA,NA,NA,NA,NA,NA,NA,NA,NA,NA,NA,NA,NA,NA,NA,NA,NA,NA,NA,NA,NA,NA,NA,NA,NA,NA,NA,NA,NA,NA,NA,NA,NA,NA,NA,NA,NA,NA,NA,NA,NA,NA,NA,NA,NA,NA,NA,NA,NA,NA,NA,NA,NA,NA,NA,NA,NA,NA,NA,NA,NA,NA,NA,NA,NA,NA,NA,NA,NA,NA,NA,NA,NA,NA,NA,NA,NA,NA,NA,NA,NA,NA,NA,NA,NA,NA,NA,NA,NA,NA,NA,NA,NA,NA,NA,NA,NA,NA,NA,NA,NA,36,164,99.2,249.5,NA,NA,NA,NA,NA,NA,NA,NA,NA,NA,NA,NA,NA,NA,NA,NA,NA,NA,NA,NA,NA,NA,NA,NA,NA,NA,NA,NA,NA,NA,NA,NA,NA,NA,NA,NA,NA,NA,NA,NA,NA,NA,NA,NA,NA,NA,NA,NA,NA,22,NA,NA,NA,NA,NA,9,9,NA,NA,NA,5,NA,NA,NA,NA,NA,NA,NA,NA,14,NA,NA,NA,NA,NA,NA,NA,NA,NA,NA,NA,NA,NA,NA
"23","10.1101/2020.07.10.20150755",2020-07-11,"US","Rostad et al","medrxiv","Rostad","MIS-C","RVP","LH",10,NA,6,4,8.5,7,11.5,NA,NA,NA,NA,NA,NA,NA,NA,NA,NA,NA,NA,NA,3,6,NA,1,NA,2,NA,NA,18.8,17.7,24.5,NA,NA,3,NA,NA,NA,NA,NA,NA,NA,NA,NA,NA,NA,NA,NA,NA,NA,NA,NA,NA,NA,NA,NA,NA,NA,NA,10,0,10,0,NA,NA,NA,NA,NA,NA,5,NA,NA,NA,NA,7,10,NA,NA,NA,NA,NA,NA,NA,NA,NA,NA,NA,NA,NA,NA,NA,NA,NA,NA,NA,NA,NA,NA,NA,NA,10,NA,NA,NA,NA,NA,NA,NA,NA,NA,NA,NA,NA,NA,NA,NA,NA,NA,NA,NA,NA,NA,10,7900,6100,14000,NA,NA,NA,NA,NA,NA,10,623,437,768,NA,NA,10,115000,105000,131000,NA,NA,NA,NA,NA,NA,10,132.5,128.5,135.5,NA,NA,NA,NA,NA,NA,NA,NA,NA,NA,NA,NA,NA,NA,NA,NA,NA,NA,NA,NA,NA,NA,NA,NA,NA,NA,NA,NA,NA,NA,NA,NA,NA,NA,NA,NA,NA,NA,NA,NA,NA,NA,NA,NA,NA,NA,NA,NA,NA,NA,NA,NA,NA,NA,NA,NA,NA,NA,NA,NA,NA,NA,NA,NA,NA,NA,NA,NA,NA,NA,NA,NA,NA,NA,NA,NA,NA,NA,NA,NA,NA,NA,NA,NA,NA,NA,NA,NA,NA,NA,NA,NA,NA,NA,NA,NA,NA,NA,NA,NA,NA,NA,NA,NA,NA,NA,NA,NA,NA,NA,10,151,115,177,NA,NA,NA,NA,NA,NA,10,67,42.3,71.5,NA,NA,NA,NA,NA,NA,NA,NA,NA,NA,NA,NA,NA,NA,NA,NA,NA,NA,NA,NA,NA,NA,NA,NA,NA,NA,NA,NA,9,7.3,11.5,10,NA,NA,NA,NA,NA,NA,NA,NA,NA,NA,10,NA,NA,NA,NA,NA,NA,NA,NA,NA,NA,NA,NA,NA,NA,NA,NA,NA,NA,NA,NA,NA,NA,NA
